,0
2020-09-11,100000.0
2020-09-12,99658.84292426349
2020-09-13,99875.69320411561
2020-09-14,100563.55682223337
2020-09-15,100403.36389436555
2020-09-16,101410.2621390812
2020-09-17,100261.24601300989
2020-09-18,100533.32071348166
2020-09-19,101027.79516045029
2020-09-20,100925.00747418257
2020-09-21,98624.71898361927
2020-09-22,98298.41914361109
2020-09-23,95887.80122275553
2020-09-24,96658.6554490766
2020-09-25,96597.03940039616
2020-09-26,95664.20736678813
2020-09-27,95853.725109338
2020-09-28,96703.49740208915
2020-09-29,97691.45329972984
2020-09-30,96819.66539921373
2020-10-01,97415.37519013837
2020-10-02,97959.51830629524
2020-10-03,97864.95112101425
2020-10-04,97342.48423414123
2020-10-05,98640.80803753827
2020-10-06,96747.67945249955
2020-10-07,97172.70700657558
2020-10-08,97562.20037672269
2020-10-09,99460.36936068448
2020-10-10,99113.1411810082
2020-10-11,99254.17807905369
2020-10-12,98764.56177219421
2020-10-13,97674.496945248
2020-10-14,97888.07285123614
2020-10-15,98075.86227744706
2020-10-16,97850.79778139488
2020-10-17,97481.15176760568
2020-10-18,97653.2355118855
2020-10-19,97842.03050396637
2020-10-20,97921.33194238435
2020-10-21,99050.00421394948
2020-10-22,98186.88931906159
2020-10-23,98351.2239213562
2020-10-24,98564.64270767717
2020-10-25,98251.69175459241
2020-10-26,97982.60861258369
2020-10-27,98126.89474534642
2020-10-28,97424.79608538235
2020-10-29,97194.0564269517
2020-10-30,97693.64669028364
2020-10-31,97758.51825846802
2020-11-01,97614.46466281271
2020-11-02,98018.155366086
2020-11-03,98721.22816798657
2020-11-04,98710.76399815253
2020-11-05,100849.87913412483
2020-11-06,100952.36515063157
2020-11-07,100655.46554274569
2020-11-08,101040.75439059912
2020-11-09,96548.72196034563
2020-11-10,96959.89784456327
2020-11-11,96362.91224194116
2020-11-12,97581.02331285058
2020-11-13,97516.33400348014
2020-11-14,97818.07918190178
2020-11-15,97296.87553715287
2020-11-16,97553.38282100066
2020-11-17,97062.65410689756
2020-11-18,96684.87557913523
2020-11-19,95800.98317945976
2020-11-20,96432.7236524616
2020-11-21,96520.51583769388
2020-11-22,96188.11975459919
2020-11-23,95007.59799286538
2020-11-24,93447.94018944484
2020-11-25,93447.62595011048
2020-11-26,93554.10909095022
2020-11-27,92579.4392323661
2020-11-28,92211.82320467684
2020-11-29,92021.10506786972
2020-11-30,92079.91810168773
2020-12-01,93643.32163797379
2020-12-02,93997.82760063373
2020-12-03,94835.14344617102
2020-12-04,93866.11732603192
2020-12-05,94285.31259806232
2020-12-06,94198.30601116593
2020-12-07,96063.36673886002
2020-12-08,95945.4075775296
2020-12-09,94726.2092385233
2020-12-10,94178.90487466281
2020-12-11,94095.93940560624
2020-12-12,94037.85540704396
2020-12-13,94422.14497381412
2020-12-14,94087.17212817773
2020-12-15,94953.14031622156
2020-12-16,95768.66680631462
2020-12-17,97719.35775262062
2020-12-18,97447.66013935006
2020-12-19,97125.73451087611
2020-12-20,97236.81183078414
2020-12-21,97296.06479967022
2020-12-22,96827.46481949244
2020-12-23,96611.07961385517
2020-12-24,97340.5987981351
2020-12-25,97721.77739549516
2020-12-26,98421.82093021253
2020-12-27,99191.28621867576
2020-12-28,98285.23366114152
2020-12-29,97879.81464152929
2020-12-30,98681.92939683206
2020-12-31,99390.33798262998
2021-01-01,99281.08325086122
2021-01-02,100934.96886108164
2021-01-03,100973.94710811511
2021-01-04,102866.2146773777
2021-01-05,104034.72621175244
2021-01-06,101041.40800841457
2021-01-07,100561.60853836036
2021-01-08,96578.9266451639
2021-01-09,96957.96841505033
2021-01-10,96435.58323040424
2021-01-11,95843.8265703058
2021-01-12,96064.92536595842
2021-01-13,95651.12872569225
2021-01-14,96128.39542671156
2021-01-15,94482.9628545853
2021-01-16,94972.97510300609
2021-01-17,94556.18690427685
2021-01-18,95394.01810232249
2021-01-19,95238.56390361677
2021-01-20,97034.22173192506
2021-01-21,96990.00197279455
2021-01-22,95981.02346368547
2021-01-23,96095.3123095906
2021-01-24,95734.77295171103
2021-01-25,95787.3074836286
2021-01-26,95998.63343598276
2021-01-27,95159.28760434553
2021-01-28,95432.64440130148
2021-01-29,96157.38086291253
2021-01-30,96104.50066772716
2021-01-31,96437.1104335692
2021-02-01,96088.50588560847
2021-02-02,95372.67496673306
2021-02-03,95212.8025629863
2021-02-04,93222.34777131095
2021-02-05,94374.51886029918
2021-02-06,94545.99926505705
2021-02-07,94706.04135804436
2021-02-08,95161.61926020644
2021-02-09,95436.98090411558
2021-02-10,95604.33220402001
2021-02-11,94636.36192804435
2021-02-12,94942.61958330733
2021-02-13,95175.94228906637
2021-02-14,94942.57558980052
2021-02-15,94415.69678267314
2021-02-16,93595.75208753903
2021-02-17,92574.18515069567
2021-02-18,92118.56953981347
2021-02-19,93086.63408758944
2021-02-20,93486.70475373094
2021-02-21,93631.72620653607
2021-02-22,94011.4970116782
2021-02-23,93750.19443558813
2021-02-24,93361.17870922925
2021-02-25,91128.2128536583
2021-02-26,90059.93109736964
2021-02-27,90227.87945200934
2021-02-28,89966.01124511744
2021-03-01,89001.71128456703
2021-03-02,90156.9430646719
2021-03-03,88607.11466763
2021-03-04,87892.55956045208
2021-03-05,88137.5028367956
2021-03-06,88384.82804729353
2021-03-07,88598.85645792313
2021-03-08,87766.40503728167
2021-03-09,89030.47046844725
2021-03-10,89571.58431742094
2021-03-11,89772.65978268842
2021-03-12,89576.70641857095
2021-03-13,89797.94976431735
2021-03-14,89432.92935352988
2021-03-15,89327.47063292013
2021-03-16,89755.25092356512
2021-03-17,90534.25023343269
2021-03-18,89837.5753443796
2021-03-19,90793.01375570116
2021-03-20,90791.37342637582
2021-03-21,90040.2911389724
2021-03-22,90018.66518798206
2021-03-23,89696.55101590749
2021-03-24,89726.83740295267
2021-03-25,89189.5258499247
2021-03-26,89826.15588696912
2021-03-27,89341.28459405841
2021-03-28,90071.84076814172
2021-03-29,88826.32802727648
2021-03-30,88826.32802727648
2021-03-31,88826.32802727648
2021-04-01,88826.32802727648
2021-04-02,88826.32802727648
2021-04-03,88826.32802727648
2021-04-04,88826.32802727648
2021-04-05,88826.32802727648
2021-04-06,88826.32802727648
2021-04-07,88826.32802727648
2021-04-08,88826.32802727648
2021-04-09,88826.32802727648
2021-04-10,88826.32802727648
2021-04-11,88826.32802727648
2021-04-12,88826.32802727648
2021-04-13,88826.32802727648
2021-04-14,88826.32802727648
2021-04-15,88826.32802727648
2021-04-16,88826.32802727648
2021-04-17,88826.32802727648
2021-04-18,88826.32802727648
2021-04-19,88826.32802727648
2021-04-20,88826.32802727648
2021-04-21,88826.32802727648
2021-04-22,88826.32802727648
2021-04-23,88826.32802727648
2021-04-24,88826.32802727648
2021-04-25,88826.32802727648
2021-04-26,88826.32802727648
2021-04-27,88826.32802727648
2021-04-28,88826.32802727648
2021-04-29,88826.32802727648
2021-04-30,88826.32802727648
2021-05-01,88826.32802727648
2021-05-02,88826.32802727648
2021-05-03,88826.32802727648
2021-05-04,88826.32802727648
2021-05-05,88826.32802727648
2021-05-06,88826.32802727648
2021-05-07,88826.32802727648
2021-05-08,88826.32802727648
2021-05-09,88826.32802727648
2021-05-10,88826.32802727648
2021-05-11,88826.32802727648
2021-05-12,88826.32802727648
2021-05-13,88826.32802727648
2021-05-14,88826.32802727648
2021-05-15,88826.32802727648
2021-05-16,88826.32802727648
2021-05-17,88826.32802727648
2021-05-18,88826.32802727648
2021-05-19,88826.32802727648
2021-05-20,89485.64149200701
2021-05-21,89485.641492007
2021-05-22,89544.7493258617
2021-05-23,89063.85152255457
2021-05-24,88453.63454228686
2021-05-25,89434.81540782105
2021-05-26,89523.17318856678
2021-05-27,89453.87949085355
2021-05-28,90196.25461351541
2021-05-29,90842.993880411
2021-05-30,89966.2353252778
2021-05-31,90161.32100047359
2021-06-01,89737.08780016321
2021-06-02,89864.12433420957
2021-06-03,88270.60443343714
2021-06-04,89469.29019816653
2021-06-05,89320.10973373856
2021-06-06,89277.6170167747
2021-06-07,89249.387950383
2021-06-08,89040.30818294914
2021-06-09,88992.257976076
2021-06-10,89289.62670085113
2021-06-11,88629.63892859903
2021-06-12,88887.65787188018
2021-06-13,88351.09340494082
2021-06-14,89632.2066670659
2021-06-15,88526.93720330927
2021-06-16,85735.07565482969
2021-06-17,84200.17608879712
2021-06-18,83501.20559320807
2021-06-19,83358.95335149467
2021-06-20,83635.89873099943
2021-06-21,83881.76460811154
2021-06-22,83711.57579947535
2021-06-23,84186.30243751683
2021-06-24,83519.07673723012
2021-06-25,83546.38242294546
2021-06-26,83744.42176924887
2021-06-27,84166.03968019017
2021-06-28,83897.4334031912
2021-06-29,83046.6556832377
2021-06-30,83520.10335301315
2021-07-01,83503.08103097932
2021-07-02,84232.72382381801
2021-07-03,84252.4531997602
2021-07-04,84301.55296355122
2021-07-05,84259.03157016884
2021-07-06,84588.39744272929
2021-07-07,84889.45969020989
2021-07-08,85152.22171311434
2021-07-09,85289.94308070149
2021-07-10,85054.65880202349
2021-07-11,85141.00349818908
2021-07-12,85005.49021482802
2021-07-13,85128.59234425335
2021-07-14,86083.61458081302
2021-07-15,86153.45886576186
2021-07-16,85181.93621798542
2021-07-17,85265.39606644784
2021-07-18,85468.5111388294
2021-07-19,85450.73749463032
2021-07-20,85057.83614919557
2021-07-21,84929.88196975656
2021-07-22,84936.24239938443
2021-07-23,85155.04347269678
2021-07-24,85261.75416129571
2021-07-25,85092.11020461142
2021-07-26,84726.34248638089
2021-07-27,85013.20417141008
2021-07-28,85169.28418213411
2021-07-29,86214.80346026117
2021-07-30,85738.04079650472
2021-07-31,85555.9856858847
2021-08-01,85287.12705640277
2021-08-02,85481.35817432664
2021-08-03,85190.07458556157
2021-08-04,85403.0141989283
2021-08-05,84957.30236114598
2021-08-06,83262.02132161126
2021-08-07,83396.76034167226
2021-08-08,81284.63888252179
2021-08-09,81847.74624244383
2021-08-10,81847.74624244384
2021-08-11,83573.3410800497
2021-08-12,84208.05453555309
2021-08-13,85387.57306296546
2021-08-14,86974.03936387508
2021-08-15,88759.35840611348
2021-08-16,87587.95639131361
2021-08-17,86354.81530175453
2021-08-18,86585.2742485308
2021-08-19,86152.35587462143
2021-08-20,86133.1418953018
2021-08-21,88867.00502144363
2021-08-22,91364.65901031264
2021-08-23,93092.30767242325
2021-08-24,88564.12980909731
2021-08-25,87757.38980287619
2021-08-26,87347.11487771948
2021-08-27,87347.11487771948
2021-08-28,87932.46053204392
2021-08-29,88178.35068925426
2021-08-30,90271.86085299455
2021-08-31,90346.26365796414
2021-09-01,92533.523749796
2021-09-02,95517.40516983268
2021-09-03,103390.053862782
2021-09-04,105497.10174046234
2021-09-05,109458.72328609537
2021-09-06,124242.03724480681
2021-09-07,131669.01465896133
2021-09-08,144416.33697686694
2021-09-09,147691.38708106033
2021-09-10,139148.38073174967
2021-09-11,139647.11606880193
2021-09-12,139133.9287526311
2021-09-13,139133.92875263112
2021-09-14,139477.05760914995
2021-09-15,139477.05760914995
2021-09-16,139412.15448739653
2021-09-17,138973.0261624717
2021-09-18,138928.43763899687
2021-09-19,138977.16764514972
2021-09-20,138452.2468520053
2021-09-21,138768.29857109493
2021-09-22,137760.08332701336
2021-09-23,136736.00279584274
2021-09-24,137008.65772964916
2021-09-25,136799.7204488406
2021-09-26,136765.97583821762
2021-09-27,136878.94238239503
2021-09-28,135778.82247525972
2021-09-29,135387.57689550536
2021-09-30,137154.74187310357
2021-10-01,137301.51002893545
2021-10-02,137079.56237367928
2021-10-03,139675.2659568541
2021-10-04,140344.97445551632
2021-10-05,139373.01068215203
2021-10-06,140000.84692759422
2021-10-07,143324.02167654273
2021-10-08,150480.02407506885
2021-10-09,152572.54551744345
2021-10-10,147151.73019505548
2021-10-11,147151.73019505548
2021-10-12,146782.15862686047
2021-10-13,147130.30655337046
2021-10-14,146880.27941342234
2021-10-15,152285.87179938916
2021-10-16,154689.2441261181
2021-10-17,155649.3281018333
2021-10-18,155883.5365948663
2021-10-19,158767.26902689142
2021-10-20,164726.33963754453
2021-10-21,162691.1604559691
2021-10-22,160459.3039047332
2021-10-23,163583.27029450817
2021-10-24,160933.60253393662
2021-10-25,166644.83201778514
2021-10-26,161808.65606786567
2021-10-27,153733.59988130757
2021-10-28,153733.59988130754
2021-10-29,160046.82923059797
2021-10-30,215723.65776520703
2021-10-31,212811.1658945006
2021-11-01,232086.68374039553
2021-11-02,281632.79325009044
2021-11-03,283553.84956594434
2021-11-04,254916.198451226
2021-11-05,254916.19845122602
2021-11-06,254916.19845122602
2021-11-07,254916.19845122602
2021-11-08,254916.19845122602
2021-11-09,254916.19845122602
2021-11-10,254916.19845122602
2021-11-11,254916.19845122602
2021-11-12,254916.19845122602
2021-11-13,254916.19845122602
2021-11-14,254916.19845122602
2021-11-15,254916.19845122602
2021-11-16,254916.19845122602
2021-11-17,254916.19845122602
2021-11-18,254916.19845122602
2021-11-19,254916.19845122602
2021-11-20,254916.19845122602
2021-11-21,254916.19845122602
2021-11-22,254916.19845122602
2021-11-23,254916.19845122602
2021-11-24,254916.19845122602
2021-11-25,254916.19845122602
2021-11-26,254916.19845122602
2021-11-27,254916.19845122602
2021-11-28,254916.19845122602
2021-11-29,254916.19845122602
2021-11-30,254916.19845122602
2021-12-01,254916.19845122602
2021-12-02,254916.19845122602
2021-12-03,254916.19845122602
2021-12-04,254916.19845122602
2021-12-05,254916.19845122602
2021-12-06,254916.19845122602
2021-12-07,254916.19845122602
2021-12-08,254916.19845122602
2021-12-09,254916.19845122602
2021-12-10,254916.19845122602
2021-12-11,254916.19845122602
2021-12-12,254916.19845122602
2021-12-13,254916.19845122602
2021-12-14,253036.6792330595
2021-12-15,253567.10818313685
2021-12-16,253567.10818313685
2021-12-17,253567.10818313685
2021-12-18,253576.11851426554
2021-12-19,253577.5086796397
2021-12-20,252730.26295297372
2021-12-21,252255.90763475225
2021-12-22,252255.90763475225
2021-12-23,252255.90763475225
2021-12-24,252255.90763475225
2021-12-25,252525.55236730064
2021-12-26,256854.2561118857
2021-12-27,252193.56174411284
2021-12-28,244767.4770151964
2021-12-29,244503.61828355194
2021-12-30,246317.21476478686
2021-12-31,247372.51794315263
2022-01-01,247776.93554850732
2022-01-02,247685.17291882794
2022-01-03,244094.47421109065
2022-01-04,245019.8901209207
2022-01-05,245265.89696983498
2022-01-06,242594.0267613262
2022-01-07,243488.21834490495
2022-01-08,242732.6917544885
2022-01-09,242643.3664667317
2022-01-10,243659.2604611738
2022-01-11,246027.5663206374
2022-01-12,247317.61187578883
2022-01-13,246268.07268169938
2022-01-14,246581.20524464332
2022-01-15,246156.99247043103
2022-01-16,246282.59792207577
2022-01-17,246076.90602604288
2022-01-18,245547.06412283497
2022-01-19,249120.45440921673
2022-01-20,248748.4633325481
2022-01-21,248375.0888996531
2022-01-22,248427.16238045826
2022-01-23,248738.46693696026
2022-01-24,249437.50648146856
2022-01-25,250970.74276750215
2022-01-26,248098.5329340742
2022-01-27,244373.58279827767
2022-01-28,242679.8771899907
2022-01-29,242864.17647009512
2022-01-30,242793.60883402618
2022-01-31,243708.41901278775
2022-02-01,243973.80931739707
2022-02-02,244619.3920248739
2022-02-03,244706.60934123822
2022-02-04,245341.61925469962
2022-02-05,245266.7533332132
2022-02-06,245230.12733026865
2022-02-07,246165.14439105042
2022-02-08,246986.66036716776
2022-02-09,248163.00721533672
2022-02-10,247453.32900270695
2022-02-11,252301.91023333368
2022-02-12,252847.28195703472
2022-02-13,254092.28609219816
2022-02-14,253947.80770918002
2022-02-15,250781.5358664996
2022-02-16,253254.97679916368
2022-02-17,258491.39182895573
2022-02-18,258349.81190660226
2022-02-19,258467.03487825656
2022-02-20,261136.08896873318
2022-02-21,263447.463132073
2022-02-22,257575.4453218654
2022-02-23,259223.15433562716
2022-02-24,261025.66749852497
2022-02-25,256018.80725966988
2022-02-26,254927.70150468475
2022-02-27,258336.6700224522
2022-02-28,255902.1112808637
2022-03-01,260790.33225478517
2022-03-02,259524.2648742233
2022-03-03,261021.9291430086
2022-03-04,265814.41857236327
2022-03-05,266250.04403544276
2022-03-06,268879.40897704515
2022-03-07,270535.10522616125
2022-03-08,277361.90232895524
2022-03-09,268980.77275767626
2022-03-10,270027.3970225745
2022-03-11,268072.4511783572
2022-03-12,268747.0678980603
2022-03-13,267933.0780385552
2022-03-14,264548.6805623315
2022-03-15,259865.97033065138
2022-03-16,261130.63788646043
2022-03-17,263067.7812535271
2022-03-18,259544.35647655796
2022-03-19,258879.99964886674
2022-03-20,259408.16176237125
2022-03-21,261393.3438212496
2022-03-22,259015.28859409576
2022-03-23,262709.3108371181
2022-03-24,263866.65300570166
2022-03-25,264149.3846687195
2022-03-26,265021.12965067354
2022-03-27,263486.3453231486
2022-03-28,259737.03823665285
2022-03-29,258906.97509528004
2022-03-30,260386.062866169
2022-03-31,260965.32681741493
2022-04-01,259467.90957652716
2022-04-02,259286.26172918986
2022-04-03,259471.28562446046
2022-04-04,260590.73371355867
2022-04-05,259114.33031248982
2022-04-06,259311.17860979016
2022-04-07,260425.76848356976
2022-04-08,262453.8839910436
2022-04-09,262955.3835601384
2022-04-10,262146.8283143796
2022-04-11,263576.83987628715
2022-04-12,265616.73038021126
2022-04-13,267265.6086593548
2022-04-14,266568.4300583414
2022-04-15,267286.6224991737
2022-04-16,267140.3325782401
2022-04-17,267973.8870472317
2022-04-18,267107.88958102756
2022-04-19,263766.0632458162
2022-04-20,264813.79090199026
2022-04-21,264314.58045807946
2022-04-22,261385.06015241818
2022-04-23,261026.85323243326
2022-04-24,261124.84096513106
2022-04-25,257381.3143314382
2022-04-26,257413.88907686278
2022-04-27,255554.23012699667
2022-04-28,256443.1847191472
2022-04-29,257000.19969108643
2022-04-30,256544.63084241084
2022-05-01,256913.67405283527
2022-05-02,252245.96664880015
2022-05-03,252504.1108017478
2022-05-04,254853.84016331504
2022-05-05,253395.996791616
2022-05-06,254361.99115075148
2022-05-07,254659.5280190963
2022-05-08,254302.8526720762
2022-05-09,249804.40878344752
2022-05-10,247764.831181527
2022-05-11,250682.47767957902
2022-05-12,247714.9644832734
2022-05-13,244057.00831329444
2022-05-14,244397.2645393902
2022-05-15,244340.01994126284
2022-05-16,246266.67285694656
2022-05-17,245465.1496720049
2022-05-18,245128.6318014255
2022-05-19,249988.5104412339
2022-05-20,249969.12698553887
2022-05-21,250092.31156378757
2022-05-22,249919.0956020202
2022-05-23,250254.24658489978
2022-05-24,252323.12169547062
2022-05-25,250595.6391393243
2022-05-26,249662.82886109405
2022-05-27,250131.81955887028
2022-05-28,250351.822604435
2022-05-29,249837.24702529615
2022-05-30,250606.03077954822
2022-05-31,247979.18552250092
2022-06-01,249661.13260286415
2022-06-02,252436.60631160857
2022-06-03,250359.64515452433
2022-06-04,250987.47479043005
2022-06-05,250647.92671097396
2022-06-06,248970.73903477035
2022-06-07,250384.69378333667
2022-06-08,250331.66512799432
2022-06-09,249196.32491081988
2022-06-10,252693.79529001896
2022-06-11,253653.2022385529
2022-06-12,253982.70451684165
2022-06-13,246449.44056408614
2022-06-14,244917.15945258975
2022-06-15,248012.0567014026
2022-06-16,250680.2379599745
2022-06-17,248525.39714105363
2022-06-18,246383.0559337492
2022-06-19,248629.24766918682
2022-06-20,249167.32383564665
2022-06-21,247619.8093371342
2022-06-22,248437.75164300023
2022-06-23,246707.53531145424
2022-06-24,246204.83353992467
2022-06-25,246142.6648523727
2022-06-26,246939.52744431378
2022-06-27,246662.6750452578
2022-06-28,245925.8402324232
2022-06-29,245961.92277399308
2022-06-30,244836.08489661137
2022-07-01,243893.78874711492
2022-07-02,244589.715740114
2022-07-03,244490.937518144
2022-07-04,244602.00126088585
2022-07-05,238918.79510704475
2022-07-06,235232.43072884667
2022-07-07,235295.40637419734
2022-07-08,235312.8630122914
2022-07-09,234708.43515254764
2022-07-10,235157.7788982048
2022-07-11,233924.7803188626
2022-07-12,232884.06825497924
2022-07-13,234337.95918031735
2022-07-14,231299.49957183318
2022-07-15,230070.50284443144
2022-07-16,229331.13187851524
2022-07-17,230130.05303626932
2022-07-18,230417.42882376123
2022-07-19,230220.07000213928
2022-07-20,228957.7574456203
2022-07-21,231601.3676626485
2022-07-22,233139.8574086368
2022-07-23,232880.77454967846
2022-07-24,232614.87372074754
2022-07-25,231675.14666138566
2022-07-26,231932.54973064063
2022-07-27,234206.88617787333
2022-07-28,236010.5686061529
2022-07-29,238006.48814431176
2022-07-30,238102.4173111966
2022-07-31,237797.25551508053
2022-08-01,238958.550130025
2022-08-02,236467.50434252832
2022-08-03,237393.9907065811
2022-08-04,241392.35131939434
2022-08-05,239356.11682835408
2022-08-06,238525.47728855364
2022-08-07,238624.0578882056
2022-08-08,240348.27967610417
2022-08-09,241563.93689703778
2022-08-10,240997.2054944613
2022-08-11,240198.81132955535
2022-08-12,242271.24364185103
2022-08-13,242015.91560693557
2022-08-14,241908.7219679221
2022-08-15,239594.9433997127
2022-08-16,239040.33283264303
2022-08-17,237026.39672648898
2022-08-18,236219.37305369502
2022-08-19,234810.19417781482
2022-08-20,234699.7397705536
2022-08-21,234718.31626844994
2022-08-22,233688.80280258917
2022-08-23,235510.4359247579
2022-08-24,235489.12565146195
2022-08-25,236346.52654683116
2022-08-26,233550.17074647988
2022-08-27,233338.6489920646
2022-08-28,232728.70417594205
2022-08-29,233485.9928986944
2022-08-30,231413.18181028916
2022-08-31,229992.5737770153
2022-09-01,228220.9226327857
2022-09-02,229911.8121230405
2022-09-03,230265.49019823686
2022-09-04,230222.50734406186
2022-09-05,230372.70030577682
2022-09-06,228491.43464913766
2022-09-07,230622.33023052197
2022-09-08,229779.04286236656
2022-09-09,230789.68339685394
2022-09-10,231187.0360043385
2022-09-11,231524.82195145867
2022-09-12,231849.9765387504
2022-09-13,228627.29999279432
2022-09-14,227948.7472952568
2022-09-15,223264.17612008174
2022-09-16,224865.67444847373
2022-09-17,225041.1960039516
2022-09-18,225102.5906707579
2022-09-19,224738.65270354965
2022-09-20,223562.71756854327
2022-09-21,224290.57703443329
2022-09-22,224714.50984369504
2022-09-23,220972.1030698044
2022-09-24,220931.8045854495
2022-09-25,220560.02759962543
2022-09-26,218447.7743902435
2022-09-27,218774.75698397713
2022-09-28,222416.67280914134
2022-09-29,223431.0352306186
2022-09-30,223375.04224050557
2022-10-01,223239.9838546476
2022-10-02,223514.7776878906
2022-10-03,228889.49540326188
2022-10-04,231954.07409478113
2022-10-05,230631.1079551485
2022-10-06,229920.93568672362
2022-10-07,228116.56158033086
2022-10-08,227821.7584873857
2022-10-09,228095.41599229994
2022-10-10,224287.84325903366
2022-10-11,224034.39263613962
2022-10-12,224722.2006455723
2022-10-13,223605.8157024038
2022-10-14,220974.68862846552
2022-10-15,220826.504826984
2022-10-16,221359.8051207577
2022-10-17,221993.1352445157
2022-10-18,222069.87857802358
2022-10-19,218814.64375516944
2022-10-20,218725.6149008897
2022-10-21,222511.35036801192
2022-10-22,222770.82847160634
2022-10-23,223665.10239781762
2022-10-24,221853.31745449814
2022-10-25,222075.21438061082
2022-10-26,223956.6282539885
2022-10-27,223215.1657852063
2022-10-28,220981.78656338865
2022-10-29,221138.97864886778
2022-10-30,220997.77750262388
2022-10-31,219619.1477434083
2022-11-01,221347.58547409187
2022-11-02,219798.07828387248
2022-11-03,219311.3345145251
2022-11-04,225639.87634794554
2022-11-05,225677.22696605625
2022-11-06,224585.51187559048
2022-11-07,224800.24499267398
2022-11-08,229417.06464981227
2022-11-09,228780.0455761174
2022-11-10,235747.7967972577
2022-11-11,239591.68263146494
2022-11-12,234031.47990208096
2022-11-13,235015.7543256357
2022-11-14,236228.92479906726
2022-11-15,239237.08231878435
2022-11-16,238158.59145510118
2022-11-17,236851.51744354476
2022-11-18,234998.90702302227
2022-11-19,235572.29171030634
2022-11-20,235691.32621987603
2022-11-21,234457.89945884477
2022-11-22,234008.73686697916
2022-11-23,235167.42945473603
2022-11-24,235507.43865293422
2022-11-25,235968.4750524091
2022-11-26,235868.65931326934
2022-11-27,235808.15394689425
2022-11-28,234810.77057624247
2022-11-29,234666.83565459895
2022-11-30,237834.9025666683
2022-12-01,241646.67477419306
2022-12-02,241131.078146411
2022-12-03,240938.0176102065
2022-12-04,241691.518571863
2022-12-05,238886.23683014666
2022-12-06,239462.33882430382
2022-12-07,241082.66067848972
2022-12-08,241287.74323904197
2022-12-09,242123.99854638023
2022-12-10,241577.81986488053
2022-12-11,242419.42744333253
2022-12-12,239984.04527541884
2022-12-13,244137.1771003151
2022-12-14,243032.15544043423
2022-12-15,241630.20624768923
2022-12-16,242947.19431220097
2022-12-17,243279.6279882074
2022-12-18,242551.40621473428
2022-12-19,242487.22836694884
2022-12-20,244466.38294512677
2022-12-21,244757.28299729052
2022-12-22,242120.54015581444
2022-12-23,243697.96149845782
2022-12-24,243180.20749370373
2022-12-25,243059.75669085467
2022-12-26,242971.3865776351
2022-12-27,244873.172018298
2022-12-28,243830.76369618473
2022-12-29,244740.3533520446
2022-12-30,245728.53081638075
2022-12-31,245475.4095640168
2023-01-01,245856.42539320953
2023-01-02,245842.2130548367
2023-01-03,248438.62447490494
2023-01-04,249810.41979562142
2023-01-05,247493.8415779064
2023-01-06,250195.35513412207
2023-01-07,251026.88397435372
2023-01-08,250938.53032966066
2023-01-09,251197.48144040696
2023-01-10,251496.97806340572
2023-01-11,252707.05245385456
2023-01-12,254051.9546707903
2023-01-13,255923.6191764777
2023-01-14,242772.2490662395
2023-01-15,242184.55777814955
2023-01-16,243147.8749721839
2023-01-17,244909.5643964138
2023-01-18,240138.33423949228
2023-01-19,240865.0213818844
2023-01-20,250692.28038582907
2023-01-21,248022.97735569187
2023-01-22,250916.41728656163
2023-01-23,251841.63451726767
2023-01-24,241935.06551263694
2023-01-25,241935.06551263694
2023-01-26,241935.06551263694
2023-01-27,241864.45766814545
2023-01-28,240298.43925146753
2023-01-29,244127.21837232655
2023-01-30,237473.31494868777
2023-01-31,242040.5214030759
2023-02-01,253528.21274500876
2023-02-02,254588.53904342215
2023-02-03,266704.498939094
2023-02-04,266541.22825433523
2023-02-05,255713.4515889416
2023-02-06,255713.4515889416
2023-02-07,255713.4515889416
2023-02-08,253978.49241353633
2023-02-09,249254.9629937631
2023-02-10,249298.84417125364
2023-02-11,249704.304486639
2023-02-12,249453.12369501355
2023-02-13,248446.7102011286
2023-02-14,249847.6758262701
2023-02-15,251235.61107054082
2023-02-16,248233.88033480017
2023-02-17,258332.8413517266
2023-02-18,260139.331760201
2023-02-19,296691.5212381687
2023-02-20,356628.9991425109
2023-02-21,357938.2070573135
2023-02-22,341620.34749114484
2023-02-23,341620.34749114484
2023-02-24,341620.34749114484
2023-02-25,341620.34749114484
2023-02-26,341620.34749114484
2023-02-27,341620.34749114484
2023-02-28,341620.34749114484
2023-03-01,341620.34749114484
2023-03-02,340223.10114355845
2023-03-03,340384.15052474424
2023-03-04,339607.4108960555
2023-03-05,342277.2699703474
2023-03-06,341485.4034314874
2023-03-07,341204.1619032787
2023-03-08,339215.9499681612
2023-03-09,337108.7465126448
2023-03-10,336457.8853092212
2023-03-11,336457.8853092212
2023-03-12,336457.8853092212
2023-03-13,336457.8853092212
2023-03-14,336457.8853092212
2023-03-15,335144.78860851796
2023-03-16,336424.9921033632
2023-03-17,342303.51202296163
2023-03-18,342081.7575966995
2023-03-19,365687.5707673067
2023-03-20,857424.4917302238
2023-03-21,1567656.8588730504
2023-03-22,807637.7334037893
2023-03-23,807637.7334037893
2023-03-24,807637.7334037893
2023-03-25,807637.7334037893
2023-03-26,807637.7334037893
2023-03-27,807637.7334037893
2023-03-28,807637.7334037893
2023-03-29,812109.6664946541
2023-03-30,810646.9863164733
2023-03-31,811312.3133568444
2023-04-01,805369.6855634279
2023-04-02,802522.5042864812
2023-04-03,809926.9994005553
2023-04-04,816561.0847833307
2023-04-05,816911.7032348986
2023-04-06,804060.6193123022
2023-04-07,801699.5484667948
2023-04-08,799964.57741225
2023-04-09,802583.1502635366
2023-04-10,809968.7022759331
2023-04-11,812538.6971667486
2023-04-12,810203.9054558952
2023-04-13,826238.262179524
2023-04-14,857223.1137571528
2023-04-15,875133.6993153461
2023-04-16,888041.1919991086
2023-04-17,860805.0401582436
2023-04-18,868765.9799627542
2023-04-19,837130.0918539426
2023-04-20,853055.2245938182
2023-04-21,856669.4182963305
2023-04-22,859246.035885361
2023-04-23,820954.6795791746
2023-04-24,820954.6795791746
2023-04-25,820954.6795791746
2023-04-26,820954.6795791746
2023-04-27,820954.6795791746
2023-04-28,820954.6795791746
2023-04-29,820954.6795791746
2023-04-30,820954.6795791746
2023-05-01,820954.6795791746
2023-05-02,820954.6795791746
2023-05-03,820954.6795791746
2023-05-04,820954.6795791746
2023-05-05,820954.6795791746
2023-05-06,820954.6795791746
2023-05-07,820954.6795791746
2023-05-08,820954.6795791746
2023-05-09,820954.6795791746
2023-05-10,820954.6795791746
2023-05-11,820954.6795791746
2023-05-12,820954.6795791746
2023-05-13,820954.6795791746
2023-05-14,820954.6795791746
2023-05-15,820954.6795791746
2023-05-16,820954.6795791746
2023-05-17,820954.6795791746
2023-05-18,820954.6795791746
2023-05-19,820954.6795791746
2023-05-20,820954.6795791746
2023-05-21,820954.6795791746
2023-05-22,820954.6795791746
2023-05-23,820954.6795791746
2023-05-24,820954.6795791746
2023-05-25,820954.6795791746
2023-05-26,820954.6795791746
2023-05-27,820954.6795791746
2023-05-28,820954.6795791746
2023-05-29,819796.5235039869
2023-05-30,824950.5896746715
2023-05-31,824211.634779974
2023-06-01,819994.8196668313
2023-06-02,806900.7989226802
2023-06-03,803723.9043551984
2023-06-04,811616.5364392183
2023-06-05,789269.6428328439
2023-06-06,803209.6309013572
2023-06-07,787410.0982261607
2023-06-08,790285.9597049805
2023-06-09,796471.3007568135
2023-06-10,778951.5561810767
2023-06-11,785195.7432324813
2023-06-12,787353.5551085803
2023-06-13,784651.502938107
2023-06-14,765535.3412634147
2023-06-15,765535.3412634147
2023-06-16,765535.3412634147
2023-06-17,765535.3412634147
2023-06-18,765535.3412634147
2023-06-19,765535.3412634147
2023-06-20,765535.3412634147
2023-06-21,776519.9527064865
2023-06-22,783320.5708360074
2023-06-23,817316.5159958097
2023-06-24,868605.7527181528
2023-06-25,873679.5034434817
2023-06-26,1225470.8243868537
2023-06-27,1319471.5320238152
2023-06-28,1328081.3239087486
2023-06-29,1369477.4409006634
2023-06-30,1475200.577285138
2023-07-01,1447400.9115624959
2023-07-02,1475565.887109417
2023-07-03,1459482.5777542347
2023-07-04,1420444.1884525802
2023-07-05,1406050.9126085595
2023-07-06,1382187.6367443567
2023-07-07,1407833.6894372974
2023-07-08,1409630.3868373623
2023-07-09,1388236.8044912284
2023-07-10,1413238.3094955145
2023-07-11,1427780.9926738036
2023-07-12,1433018.542822442
2023-07-13,1515576.3422321249
2023-07-14,1501297.0724528944
2023-07-15,1484099.5101845032
2023-07-16,1500822.3704645564
2023-07-17,1492601.2425950873
2023-07-18,1451402.5556165408
2023-07-19,1465922.4105781747
2023-07-20,1448432.5206574048
2023-07-21,1451398.4073828543
2023-07-22,1433697.526253523
2023-07-23,1437762.4607314477
2023-07-24,1413464.8844354474
2023-07-25,1413464.8844354474
2023-07-26,1413464.8844354474
2023-07-27,1413464.8844354474
2023-07-28,1413464.8844354474
2023-07-29,1413464.8844354474
2023-07-30,1413464.8844354474
2023-07-31,1413464.8844354474
2023-08-01,1413464.8844354474
2023-08-02,1413464.8844354474
2023-08-03,1413464.8844354474
2023-08-04,1413464.8844354474
2023-08-05,1413464.8844354474
2023-08-06,1413464.8844354474
2023-08-07,1413464.8844354474
2023-08-08,1413464.8844354474
2023-08-09,1413464.8844354474
2023-08-10,1413464.8844354474
2023-08-11,1413464.8844354474
2023-08-12,1413464.8844354474
2023-08-13,1413464.8844354474
2023-08-14,1413464.8844354474
2023-08-15,1413464.8844354474
2023-08-16,1413464.8844354474
2023-08-17,1413464.8844354474
2023-08-18,1415222.4864490116
2023-08-19,1414522.9282328878
2023-08-20,1416479.4432174268
2023-08-21,1419301.077607919
2023-08-22,1426169.3333560547
2023-08-23,1441612.5900062437
2023-08-24,1439943.9874970617
2023-08-25,1436220.2887717786
2023-08-26,1436656.9944144003
2023-08-27,1434908.0528080948
2023-08-28,1436470.2428663848
2023-08-29,1443323.2968358216
2023-08-30,1443323.2968358216
2023-08-31,1439426.167175395
2023-09-01,1438801.5126762502
2023-09-02,1438333.0218018915
2023-09-03,1439445.5845879782
2023-09-04,1439590.8488160784
2023-09-05,1434394.6759355096
2023-09-06,1425351.382391073
2023-09-07,1430828.1918384132
2023-09-08,1427354.0320426566
2023-09-09,1424069.192019588
2023-09-10,1423671.3182447662
2023-09-11,1428149.5964091627
2023-09-12,1420365.961710289
2023-09-13,1418521.399106436
2023-09-14,1421341.8698757417
2023-09-15,1433273.6867250942
2023-09-16,1430851.5476884544
2023-09-17,1433136.0245972036
2023-09-18,1440394.3816490693
2023-09-19,1441154.1337121786
2023-09-20,1442083.0554028424
2023-09-21,1434335.8741483467
2023-09-22,1435014.1097152333
2023-09-23,1436476.0943362522
2023-09-24,1435159.7403096086
2023-09-25,1431607.5444972434
2023-09-26,1425649.7877221894
2023-09-27,1412215.8691446881
2023-09-28,1405949.2655996755
2023-09-29,1401443.7847393486
2023-09-30,1403176.239263003
2023-10-01,1401304.4739632197
2023-10-02,1382737.763870752
2023-10-03,1374322.8800797805
2023-10-04,1378093.2470090024
2023-10-05,1373563.4027913774
2023-10-06,1381702.0464108796
2023-10-07,1392494.2809613526
2023-10-08,1399439.2116648206
2023-10-09,1400257.5823319552
2023-10-10,1398097.66995676
2023-10-11,1407294.7457451941
2023-10-12,1404580.0632378405
2023-10-13,1436974.8104283113
2023-10-14,1439218.8038636553
2023-10-15,1440273.2060035607
2023-10-16,1433322.8713975342
2023-10-17,1432801.604791722
2023-10-18,1432362.3210627506
2023-10-19,1434329.73341969
2023-10-20,1447428.5468853423
2023-10-21,1482647.3864082387
2023-10-22,1510136.8929196657
2023-10-23,1609882.4701895993
2023-10-24,1680369.5732503424
2023-10-25,1778046.6020154748
2023-10-26,1827703.678800213
2023-10-27,1811113.844923766
2023-10-28,1808637.8415940595
2023-10-29,1848899.9136372588
2023-10-30,1886432.9376171818
2023-10-31,1946151.133677035
2023-11-01,2062614.7987329238
2023-11-02,1992513.9080655444
2023-11-03,1991214.7022343604
2023-11-04,1995086.817274164
2023-11-05,2002219.129866501
2023-11-06,2069636.919264899
2023-11-07,2065721.2083171816
2023-11-08,2095034.1628496868
2023-11-09,2181250.9190040985
2023-11-10,2255624.974122349
2023-11-11,2346290.875983066
2023-11-12,2479685.2210772005
2023-11-13,2398048.120681708
2023-11-14,2398048.1206817087
2023-11-15,2398048.1206817087
2023-11-16,2379332.1847467176
2023-11-17,2393159.5686440556
2023-11-18,2351995.0583725516
2023-11-19,2364896.5843452374
2023-11-20,2310467.956290228
2023-11-21,2236256.3889357815
2023-11-22,2236256.388935781
2023-11-23,2236734.3515906474
2023-11-24,2235338.068584124
2023-11-25,2235380.1070167013
2023-11-26,2238211.35793674
2023-11-27,3061029.4237084384
2023-11-28,3323854.6232823366
2023-11-29,3327203.2038372345
2023-11-30,3331658.0429658787
2023-12-01,3371699.914064932
2023-12-02,2170643.5985191828
2023-12-03,2170295.4200054896
2023-12-04,2173098.4397851327
2023-12-05,2319395.948513205
2023-12-06,2191723.1692790487
2023-12-07,2192116.894843346
2023-12-08,2229040.3469697232
2023-12-09,2283792.163732162
2023-12-10,2383632.7955601243
2023-12-11,2360541.6174016288
2023-12-12,2388474.590921149
2023-12-13,2452489.5277371155
2023-12-14,2493029.541735393
2023-12-15,2396633.874762232
2023-12-16,2476948.9739906746
2023-12-17,2566162.952725312
2023-12-18,2526767.6761411503
2023-12-19,2502682.8825407806
2023-12-20,2479461.1397854313
2023-12-21,2563153.1465661037
2023-12-22,2623453.78972268
2023-12-23,2729680.5495776795
2023-12-24,2846322.6500348207
2023-12-25,2964229.604376979
2023-12-26,3065563.08784774
2023-12-27,3060327.825923034
2023-12-28,3025921.5643680627
2023-12-29,2973486.5743311336
2023-12-30,3110514.2205810985
2023-12-31,3264405.0374724492
2024-01-01,3349654.857029776
2024-01-02,3406466.814959429
2024-01-03,3475084.1405234374
2024-01-04,3523102.4829126433
2024-01-05,3346906.103877417
2024-01-06,3345389.962091248
2024-01-07,3345389.962091248
2024-01-08,3190363.3888880876
2024-01-09,3184720.5514921956
2024-01-10,3188035.4975808496
2024-01-11,3196348.7397226566
2024-01-12,3161150.575935193
2024-01-13,3165447.753861928
2024-01-14,3154906.0485929116
2024-01-15,3153353.8101326046
2024-01-16,3152691.11459979
2024-01-17,3150998.0638436563
2024-01-18,3150363.3463507206
2024-01-19,3148152.4625786417
2024-01-20,3148809.57884443
2024-01-21,3150731.0760738663
2024-01-22,3144811.4737589615
2024-01-23,3144984.2559551755
2024-01-24,3163410.8124549277
2024-01-25,3165418.5949817025
2024-01-26,3162292.6793785268
2024-01-27,3148792.0790763428
2024-01-28,3140620.6337212073
2024-01-29,3140620.6337212073
2024-01-30,3140620.6337212073
2024-01-31,3140620.6337212073
2024-02-01,3140620.6337212073
2024-02-02,3140620.6337212073
2024-02-03,3140620.6337212073
2024-02-04,3140620.6337212073
2024-02-05,3140620.6337212073
2024-02-06,3140620.6337212073
2024-02-07,3140620.6337212073
2024-02-08,3161904.681647651
2024-02-09,3266253.0534132635
2024-02-10,3369196.6917160526
2024-02-11,3390767.234022494
2024-02-12,6440799.653656201
2024-02-13,3625165.2933992133
2024-02-14,3634865.655044199
2024-02-15,3632916.4784494815
2024-02-16,3613698.228217017
2024-02-17,3595949.767725819
2024-02-18,3629195.898075793
2024-02-19,3642173.7339467397
2024-02-20,3647098.1069124723
2024-02-21,3634197.6676309216
2024-02-22,3627962.9348032884
2024-02-23,3599712.7862150753
2024-02-24,3638350.419756811
2024-02-25,3682570.1721200976
2024-02-26,3799545.2431879127
2024-02-27,3949465.144529789
2024-02-28,5099818.557208059
2024-02-29,4508730.777452498
2024-03-01,4553383.591621837
2024-03-02,4663246.161491702
2024-03-03,4691282.861011798
2024-03-04,4904157.215329098
2024-03-05,4615086.8540102765
2024-03-06,4617298.747045422
2024-03-07,4618907.686176122
2024-03-08,4607354.643197548
2024-03-09,4637260.37580728
2024-03-10,4624009.266095017
2024-03-11,4732737.4296238255
2024-03-12,4903341.6184611665
2024-03-13,5141199.645895464
2024-03-14,5276369.0029624365
2024-03-15,5096227.48968377
2024-03-16,5061431.109917111
2024-03-17,5096737.37454685
2024-03-18,5076023.167987471
2024-03-19,4928215.672671641
2024-03-20,5031386.457032226
2024-03-21,5015026.04344032
2024-03-22,4985082.05053846
2024-03-23,4928369.446187284
2024-03-24,4989665.900863213
2024-03-25,5050708.096126194
2024-03-26,5055487.392482989
2024-03-27,5018826.64345037
2024-03-28,5080333.645025955
2024-03-29,5120704.15492764
2024-03-30,5181621.488709156
2024-03-31,5462022.775229287
2024-04-01,5406856.972435218
2024-04-02,5292658.665771161
2024-04-03,5205489.760899309
2024-04-04,5429065.966646235
2024-04-05,5249489.13552277
2024-04-06,5249489.13552277
2024-04-07,5249489.13552277
2024-04-08,5249489.13552277
2024-04-09,5094860.174829127
2024-04-10,5118373.463887231
2024-04-11,5105718.452826078
2024-04-12,5036499.6491321875
2024-04-13,5013497.417785643
2024-04-14,5025364.830800196
2024-04-15,5008662.552133834
2024-04-16,5010860.23384477
2024-04-17,4992839.380264096
2024-04-18,4730145.155316864
2024-04-19,4730145.155316864
2024-04-20,4730145.155316864
2024-04-21,4730145.155316864
2024-04-22,4730145.155316864
2024-04-23,4730145.155316864
2024-04-24,4730145.155316864
2024-04-25,4730145.155316864
2024-04-26,4730145.155316864
2024-04-27,4730145.155316864
2024-04-28,4730145.155316864
2024-04-29,4730145.155316864
2024-04-30,4730145.155316864
2024-05-01,4730145.155316864
2024-05-02,4730145.155316864
2024-05-03,4730145.155316864
2024-05-04,4730145.155316864
2024-05-05,4730145.155316864
2024-05-06,4723480.976251012
2024-05-07,4710126.623351589
2024-05-08,4717526.386699468
2024-05-09,4719334.7141652545
2024-05-10,4695230.413514189
2024-05-11,4687819.247257051
2024-05-12,4686733.023515311
2024-05-13,4686733.023515311
2024-05-14,4686733.023515311
2024-05-15,4686733.023515311
2024-05-16,4664913.153962918
2024-05-17,4699235.842278499
2024-05-18,4754365.647448594
2024-05-19,4728146.488794257
2024-05-20,4946863.291211682
2024-05-21,4955821.2945010355
2024-05-22,4858887.593059845
2024-05-23,4754017.138500128
2024-05-24,4429681.069211209
2024-05-25,4429681.06921121
2024-05-26,4444167.845932118
2024-05-27,4440584.8695248235
2024-05-28,4429570.542818145
2024-05-29,4418424.717182637
2024-05-30,4407369.590628914
2024-05-31,4419009.162139215
2024-06-01,4419161.932519779
2024-06-02,4411907.444777161
2024-06-03,4395109.722962171
2024-06-04,4393851.98038756
2024-06-05,4379990.25244322
2024-06-06,4365356.716934286
2024-06-07,4332557.306462326
2024-06-08,4332557.306462326
2024-06-09,4332557.306462326
2024-06-10,4332557.306462326
2024-06-11,4332557.306462326
2024-06-12,4332557.306462326
2024-06-13,4332557.306462326
2024-06-14,4332557.306462326
2024-06-15,4332557.306462326
2024-06-16,4332557.306462326
2024-06-17,4332557.306462326
2024-06-18,4332557.306462326
2024-06-19,4332557.306462326
2024-06-20,4332557.306462326
2024-06-21,4332557.306462326
2024-06-22,4332557.306462326
2024-06-23,4332557.306462326
2024-06-24,4332557.306462326
2024-06-25,4332557.306462326
2024-06-26,4332557.306462326
2024-06-27,4332557.306462326
2024-06-28,4332557.306462326
2024-06-29,4332557.306462326
2024-06-30,4332557.306462326
2024-07-01,4332557.306462326
2024-07-02,4332557.306462326
2024-07-03,4332557.306462326
2024-07-04,4332557.306462326
2024-07-05,4385802.563311082
2024-07-06,4381481.890469253
2024-07-07,4385041.000961291
2024-07-08,4367316.376099053
2024-07-09,4364642.49658913
2024-07-10,4384320.358379548
2024-07-11,4450612.655938514
2024-07-12,4451128.699680014
2024-07-13,4447916.952552298
2024-07-14,4447916.952552298
2024-07-15,4447916.952552298
2024-07-16,4459624.504598274
2024-07-17,4460966.36097028
2024-07-18,4418300.1065972075
2024-07-19,4523369.733347899
2024-07-20,4551300.3197602695
2024-07-21,4647197.600542163
2024-07-22,4546984.651945657
2024-07-23,4431157.681250977
2024-07-24,4391314.66908564
2024-07-25,4430061.051221768
2024-07-26,4470840.666962234
2024-07-27,4467944.187334541
2024-07-28,4454876.844855151
2024-07-29,4407745.893771276
2024-07-30,4394006.155242369
2024-07-31,4315130.090638589
2024-08-01,4363792.983578334
2024-08-02,4178478.208352205
2024-08-03,4178478.2083522044
2024-08-04,4147669.378556693
2024-08-05,4055554.423794033
2024-08-06,4044991.621028926
2024-08-07,4022982.299752903
2024-08-08,4095301.7735746657
2024-08-09,4099909.010721359
2024-08-10,4113468.007040377
2024-08-11,4122094.5786770238
2024-08-12,4179344.13394021
2024-08-13,4159740.621213758
2024-08-14,4143237.9743650416
2024-08-15,4155022.092149638
2024-08-16,4223212.18073782
2024-08-17,4269256.005207347
2024-08-18,4243662.173996073
2024-08-19,4247042.717703476
2024-08-20,4249215.185578591
2024-08-21,4243658.036750073
2024-08-22,4214570.71501557
2024-08-23,4253876.206923298
2024-08-24,4240688.049144758
2024-08-25,4233162.217884018
2024-08-26,4142936.1853388213
2024-08-27,4145614.52503836
2024-08-28,4131113.741436956
2024-08-29,4145242.275747188
2024-08-30,4122800.846106901
2024-08-31,4123898.2354040616
2024-09-01,4117998.709259677
2024-09-02,4125716.3283667965
2024-09-03,4115469.188615872
2024-09-04,4129803.407799883
2024-09-05,4146427.9885489717
2024-09-06,4132171.6069740574
2024-09-07,4120303.1864533476
2024-09-08,4127148.8630171143
2024-09-09,4142842.6188864354
2024-09-10,4159161.4954505744
2024-09-11,4152455.361958038
2024-09-12,4217886.9467364615
2024-09-13,4262733.508686369
2024-09-14,4261071.494245502
2024-09-15,4258881.958598943
2024-09-16,4284378.816874031
2024-09-17,4263935.75693879
2024-09-18,4260305.2172647575
2024-09-19,4275331.102249809
2024-09-20,4336477.988794848
2024-09-21,4346292.383703489
2024-09-22,4330990.235701696
2024-09-23,4340041.17675531
2024-09-24,4382191.250340346
2024-09-25,4368184.136659421
2024-09-26,4384528.910127314
2024-09-27,4384528.910127314
2024-09-28,4384528.910127314
2024-09-29,4384528.910127314
2024-09-30,4384528.910127314
2024-10-01,4459275.369230192
2024-10-02,4441397.393365967
2024-10-03,4434051.114441203
2024-10-04,4430877.067118043
2024-10-05,4466295.552965539
2024-10-06,4455759.795064814
2024-10-07,4420563.037702279
2024-10-08,4378221.831189751
2024-10-09,4357846.364148782
2024-10-10,4396728.443857488
2024-10-11,4438709.443105989
2024-10-12,4425576.294381451
2024-10-13,4429054.101607083
2024-10-14,4424890.8041202575
2024-10-15,4424890.8041202575
2024-10-16,4424890.8041202575
2024-10-17,4424890.8041202575
2024-10-18,4424890.8041202575
2024-10-19,4424890.8041202575
2024-10-20,4424890.8041202575
2024-10-21,4424890.8041202575
2024-10-22,4424890.8041202575
2024-10-23,4424890.8041202575
2024-10-24,4424890.8041202575
2024-10-25,4424890.8041202575
2024-10-26,4424890.8041202575
2024-10-27,4424890.8041202575
2024-10-28,4424890.8041202575
2024-10-29,4424890.8041202575
2024-10-30,4387392.253122885
2024-10-31,4325790.611650335
2024-11-01,4300771.98451417
2024-11-02,4298581.008774994
2024-11-03,4274024.111627626
2024-11-04,4266841.408680844
2024-11-05,4285079.700628031
2024-11-06,4325887.019382025
2024-11-07,4382328.374261879
2024-11-08,4453021.718646596
2024-11-09,4553407.007723495
2024-11-10,4947229.864012477
2024-11-11,5798270.836397856
2024-11-12,6033164.31067441
2024-11-13,6198162.316447359
2024-11-14,5750396.860217372
2024-11-15,5838983.4169562375
2024-11-16,6279516.938042695
2024-11-17,6193732.317416905
2024-11-18,6471521.128371242
2024-11-19,6399733.882942104
2024-11-20,6435757.332182267
2024-11-21,6928456.675725659
2024-11-22,8293604.173932528
2024-11-23,9088040.722938253
2024-11-24,10259731.939025417
2024-11-25,9851087.816480773
2024-11-26,9821284.150519248
2024-11-27,9835068.725524241
2024-11-28,9738079.632653145
2024-11-29,9773752.146661816
2024-11-30,9902098.948812382
2024-12-01,10406196.056663785
2024-12-02,11456817.869749969
2024-12-03,11934347.854376642
2024-12-04,11701680.663443686
2024-12-05,11603396.826820593
2024-12-06,12027170.768187877
2024-12-07,12411019.804033926
2024-12-08,12566229.256064959
2024-12-09,10721469.958710274
2024-12-10,10721469.958710274
2024-12-11,10721469.958710274
2024-12-12,10904742.231953459
2024-12-13,11094912.266988546
2024-12-14,10979047.317760369
2024-12-15,11023328.872228457
2024-12-16,11023568.322925808
2024-12-17,10814800.746809868
2024-12-18,10405149.340866147
2024-12-19,10405149.340866145
2024-12-20,10405149.340866145
2024-12-21,10405149.340866145
2024-12-22,10405149.340866145
2024-12-23,10405149.340866145
2024-12-24,10405149.340866145
2024-12-25,10405149.340866145
2024-12-26,10405149.340866145
2024-12-27,10405149.340866145
2024-12-28,10405149.340866145
2024-12-29,10405149.340866145
2024-12-30,10405149.340866145
2024-12-31,10405149.340866145
2025-01-01,10405149.340866145
2025-01-02,10405149.340866145
2025-01-03,10405149.340866145
2025-01-04,10405149.340866145
2025-01-05,10405149.340866145
2025-01-06,10405149.340866145
2025-01-07,10405149.340866145
2025-01-08,10405149.340866145
2025-01-09,10405149.340866145
2025-01-10,10405149.340866145
2025-01-11,10405149.340866145
2025-01-12,10405149.340866145
2025-01-13,10405149.340866145
2025-01-14,10405149.340866145
2025-01-15,10405149.340866145
2025-01-16,10405149.340866145
2025-01-17,10422171.54626828
2025-01-18,10383805.688017732
2025-01-19,10222626.102305688
2025-01-20,10264318.255479284
2025-01-21,10312661.25080638
2025-01-22,10248519.22932101
2025-01-23,10197385.268104076
2025-01-24,10183158.415821793
2025-01-25,10166815.222652938
2025-01-26,10119457.053557994
2025-01-27,10101441.021567438
2025-01-28,10103984.985070286
2025-01-29,10106284.96289015
2025-01-30,10126410.494961826
2025-01-31,10095745.576326039
2025-02-01,10047350.954956753
2025-02-02,10047350.954956753
2025-02-03,10047350.954956753
2025-02-04,10047350.954956753
2025-02-05,10047350.954956753
2025-02-06,10047350.954956753
2025-02-07,10047350.954956753
2025-02-08,10047350.954956753
2025-02-09,10047350.954956753
2025-02-10,10047350.954956753
2025-02-11,10047350.954956753
2025-02-12,10047350.954956753
2025-02-13,10047350.954956753
2025-02-14,10047350.954956753
2025-02-15,10047350.954956753
2025-02-16,10047350.954956753
2025-02-17,10047350.954956753
2025-02-18,10047350.954956753
2025-02-19,10047350.954956753
2025-02-20,10047350.954956753
2025-02-21,10047350.954956753
2025-02-22,10047350.954956753
2025-02-23,10047350.954956753
2025-02-24,10047350.954956753
2025-02-25,10047350.954956753
2025-02-26,10047350.954956753
2025-02-27,10047350.954956753
2025-02-28,10047350.954956753
2025-03-01,10047350.954956753
2025-03-02,10047350.954956753
2025-03-03,10047350.954956753
2025-03-04,10047350.954956753
2025-03-05,10047350.954956753
2025-03-06,10047350.954956753
2025-03-07,10047350.954956753
2025-03-08,10047350.954956753
2025-03-09,10047350.954956753
2025-03-10,9910285.123911973
2025-03-11,10013527.767377233
2025-03-12,10091537.464840315
2025-03-13,10091537.464840315
2025-03-14,10066140.630031224
2025-03-15,10066140.630031224
2025-03-16,10066140.630031224
2025-03-17,10102244.037583286
2025-03-18,10278274.86279335
2025-03-19,10281112.828243092
2025-03-20,10281112.828243092
2025-03-21,10224550.487586653
2025-03-22,10261414.615071684
2025-03-23,10271386.106519474
2025-03-24,10271386.106519474
2025-03-25,10271386.106519474
2025-03-26,10271386.106519474
2025-03-27,10271386.106519474
2025-03-28,10271203.800512949
2025-03-29,10360026.543905133
2025-03-30,10330076.37694903
2025-03-31,10459397.794179315
2025-04-01,10406596.044066278
2025-04-02,10597025.633316064
2025-04-03,10384972.578366999
2025-04-04,10145823.066644149
2025-04-05,10191900.184178613
2025-04-06,9965959.018930662
2025-04-07,9986845.938624956
2025-04-08,9964362.628470514
2025-04-09,10292778.59577137
2025-04-10,10682422.788845846
2025-04-11,10839469.322710998
2025-04-12,10775616.94900111
2025-04-13,10782789.349635579
2025-04-14,10745126.540151482
2025-04-15,10837301.86574478
2025-04-16,11224729.931412179
2025-04-17,11114528.696873035
2025-04-18,11138708.171891384
2025-04-19,11121791.948997106
2025-04-20,11194106.490024205
2025-04-21,11504537.107079932
2025-04-22,11128654.481158111
2025-04-23,11148221.429672893
2025-04-24,11242832.661019212
2025-04-25,11265704.344350042
2025-04-26,11306706.502655433
2025-04-27,11143700.15584635
2025-04-28,11275196.92347169
2025-04-29,11128127.292521993
2025-04-30,11131459.100147175
2025-05-01,11317542.11427722
2025-05-02,11218710.428270906
2025-05-03,11013074.634800302
2025-05-04,10887140.177561037
2025-05-05,10901347.03572733
2025-05-06,11002053.50757965
2025-05-07,10924338.5176012
2025-05-08,11396551.09947589
2025-05-09,11945175.122916164
2025-05-10,13294136.36712547
2025-05-11,13564080.59294368
2025-05-12,14130610.284045422
2025-05-13,14940630.32384177
2025-05-14,14460409.033691246
2025-05-15,14460409.033691246
2025-05-16,14460409.033691246
2025-05-17,14460409.033691246
2025-05-18,14460409.033691246
2025-05-19,14460409.033691246
2025-05-20,14460409.033691246
2025-05-21,14460409.033691246
2025-05-22,14460409.033691246
2025-05-23,14460409.033691246
2025-05-24,14460409.033691246
2025-05-25,14460409.033691246
2025-05-26,14460409.033691246
2025-05-27,14460409.033691246
2025-05-28,14460409.033691246
2025-05-29,14460409.033691246
2025-05-30,14460409.033691246
2025-05-31,14460409.033691246
2025-06-01,14460409.033691246
2025-06-02,14460409.033691246
2025-06-03,14460409.033691246
2025-06-04,14460409.033691246
2025-06-05,14460409.033691246
2025-06-06,14460409.033691246
2025-06-07,14460409.033691246
2025-06-08,14460409.033691246
2025-06-09,14460409.033691246
2025-06-10,14460409.033691246
2025-06-11,14460409.033691246
2025-06-12,14460409.033691246
2025-06-13,14460409.033691246
2025-06-14,14460409.033691246
2025-06-15,14460409.033691246
2025-06-16,14460409.033691246
2025-06-17,14460409.033691246
2025-06-18,14460409.033691246
2025-06-19,14460409.033691246
2025-06-20,14460409.033691246
2025-06-21,14460409.033691246
2025-06-22,14460409.033691246
2025-06-23,14460409.033691246
2025-06-24,14460409.033691246
2025-06-25,14460409.033691246
2025-06-26,14460409.033691246
2025-06-27,14460409.033691246
2025-06-28,14460409.033691246
2025-06-29,14460409.033691246
2025-06-30,14460409.033691246
2025-07-01,14460409.033691246
2025-07-02,14460409.033691246
2025-07-03,14460409.033691246
2025-07-04,14460409.033691246
2025-07-05,14460409.033691246
2025-07-06,14460409.033691246
2025-07-07,14460409.033691246
2025-07-08,14460409.033691246
2025-07-09,14460409.033691246
2025-07-10,14460409.033691246
2025-07-11,14460409.033691246
2025-07-12,14460409.033691246
2025-07-13,14460409.033691246
2025-07-14,14460409.033691246
2025-07-15,14460409.033691246
2025-07-16,14460409.033691246
2025-07-17,14460409.033691246
2025-07-18,14460409.033691246
2025-07-19,14460409.033691246
2025-07-20,14460409.033691246
2025-07-21,14460409.033691246
2025-07-22,14460409.033691246
2025-07-23,14460409.033691246
2025-07-24,14460409.033691246
2025-07-25,14460409.033691246
2025-07-26,14460409.033691246
2025-07-27,14460409.033691246
2025-07-28,14460409.033691246
2025-07-29,14460409.033691246
2025-07-30,14460409.033691246
2025-07-31,14460409.033691246
2025-08-01,14460409.033691246
2025-08-02,14460409.033691246
2025-08-03,14460409.033691246
2025-08-04,14460409.033691246
2025-08-05,14460409.033691246
2025-08-06,14460409.033691246
2025-08-07,14460409.033691246
2025-08-08,14460409.033691246
2025-08-09,14460409.033691246
2025-08-10,14460409.033691246
2025-08-11,14460409.033691246
2025-08-12,14460409.033691246
2025-08-13,14460409.033691246
2025-08-14,14460409.033691246
2025-08-15,14460409.033691246
2025-08-16,14460409.033691246
2025-08-17,14460409.033691246
2025-08-18,14460409.033691246
2025-08-19,14460409.033691246
2025-08-20,14460409.033691246
2025-08-21,14460409.033691246
2025-08-22,14460409.033691246
2025-08-23,14465533.997081822
2025-08-24,14433311.55213386
2025-08-25,14187713.131775765
2025-08-26,14332937.53013036
2025-08-27,14247186.782897448
2025-08-28,14258708.089869209
2025-08-29,14215520.336099384
2025-08-30,14217371.69666096
2025-08-31,14204885.00575907
2025-09-01,14133846.233114216
2025-09-02,14143616.16154233
2025-09-03,14180100.29784435
2025-09-04,14127406.995229365
2025-09-05,14127406.995229365
2025-09-06,14127406.995229365
2025-09-07,14127406.995229365
2025-09-08,14127406.995229365
2025-09-09,14127406.995229365
2025-09-10,14127406.995229365
2025-09-11,14148015.776011001
2025-09-12,14206554.962468263
2025-09-13,14433473.07386418
2025-09-14,14262288.97251227
2025-09-15,13958753.703008983
2025-09-16,14027602.996543646
2025-09-17,14280098.676627755
2025-09-18,14321330.946646927
2025-09-19,14169763.250986027
2025-09-20,14381819.625144143
2025-09-21,14458838.16219241
2025-09-22,13966341.089577204
2025-09-23,13966341.089577204
2025-09-24,13966341.089577204
2025-09-25,13966341.089577204
2025-09-26,13966341.089577204
2025-09-27,13966341.089577204
2025-09-28,13966341.089577204
2025-09-29,13966341.089577204
2025-09-30,13966341.089577204
2025-10-01,13966341.089577204
2025-10-02,13966341.089577204
2025-10-03,13966341.089577204
2025-10-04,13966341.089577204
2025-10-05,13966341.089577204
2025-10-06,13966341.089577204
2025-10-07,13966341.089577204
2025-10-08,13963546.145781994
2025-10-09,13918421.592281435
