Datetime,open,high,low,close,volume
2020-01-01 00:00,1.121200,1.122450,1.120080,1.120120,0
2020-01-02 00:00,1.120110,1.121410,1.116350,1.117000,0
2020-01-03 00:00,1.117000,1.117980,1.112490,1.115480,0
2020-01-05 00:00,1.116560,1.117090,1.115890,1.116420,0
2020-01-06 00:00,1.116440,1.120550,1.115710,1.119090,0
2020-01-07 00:00,1.119080,1.119240,1.113350,1.114760,0
2020-01-08 00:00,1.114780,1.115490,1.110160,1.111540,0
2020-01-09 00:00,1.111540,1.112040,1.109240,1.110740,0
2020-01-10 00:00,1.110740,1.112910,1.108500,1.111650,0
2020-01-12 00:00,1.111410,1.113060,1.111280,1.112720,0
2020-01-13 00:00,1.112720,1.114690,1.111250,1.113640,0
2020-01-14 00:00,1.113650,1.114440,1.110450,1.113310,0
2020-01-15 00:00,1.113300,1.116340,1.111850,1.115100,0
2020-01-16 00:00,1.115110,1.117270,1.112790,1.113190,0
2020-01-17 00:00,1.113180,1.114110,1.108620,1.108900,0
2020-01-19 00:00,1.109100,1.109890,1.108890,1.109650,0
2020-01-20 00:00,1.109650,1.110230,1.107660,1.109920,0
2020-01-21 00:00,1.109920,1.111790,1.107730,1.108240,0
2020-01-22 00:00,1.108250,1.109960,1.107000,1.108520,0
2020-01-23 00:00,1.108510,1.110870,1.103620,1.104860,0
2020-01-24 00:00,1.104870,1.106170,1.101950,1.102240,0
2020-01-26 00:00,1.103180,1.103580,1.102440,1.102770,0
2020-01-27 00:00,1.102760,1.103750,1.100960,1.102230,0
2020-01-28 00:00,1.102220,1.102760,1.099780,1.101310,0
2020-01-29 00:00,1.101310,1.102070,1.099230,1.101710,0
2020-01-30 00:00,1.101710,1.103930,1.100690,1.102430,0
2020-01-31 00:00,1.102430,1.109540,1.101680,1.109440,0
2020-02-02 00:00,1.109390,1.109390,1.107990,1.108170,0
2020-02-03 00:00,1.108180,1.108620,1.103560,1.105990,0
2020-02-04 00:00,1.105970,1.106370,1.103280,1.103450,0
2020-02-05 00:00,1.103450,1.104790,1.099370,1.099560,0
2020-02-06 00:00,1.099580,1.101380,1.096440,1.098120,0
2020-02-07 00:00,1.098110,1.098330,1.094190,1.094380,0
2020-02-09 00:00,1.094390,1.095720,1.094190,1.095670,0
2020-02-10 00:00,1.095680,1.095740,1.090760,1.090930,0
2020-02-11 00:00,1.090930,1.092480,1.089130,1.091210,0
2020-02-12 00:00,1.091200,1.092550,1.086520,1.086900,0
2020-02-13 00:00,1.086890,1.088870,1.082710,1.083300,0
2020-02-14 00:00,1.083310,1.086110,1.082940,1.082990,0
2020-02-16 00:00,1.084060,1.084160,1.083340,1.083760,0
2020-02-17 00:00,1.083790,1.085090,1.082290,1.082990,0
2020-02-18 00:00,1.083000,1.083720,1.078540,1.079720,0
2020-02-19 00:00,1.079720,1.081520,1.078220,1.079850,0
2020-02-20 00:00,1.079870,1.082110,1.077780,1.079460,0
2020-02-21 00:00,1.079460,1.086350,1.078940,1.084560,0
2020-02-23 00:00,1.081450,1.084230,1.081320,1.082110,0
2020-02-24 00:00,1.082100,1.087200,1.080500,1.086080,0
2020-02-25 00:00,1.086080,1.089020,1.083000,1.086740,0
2020-02-26 00:00,1.086730,1.091440,1.085490,1.091250,0
2020-02-27 00:00,1.091240,1.100640,1.090580,1.099410,0
2020-02-28 00:00,1.099420,1.105300,1.095090,1.102510,0
2020-03-01 00:00,1.104230,1.107390,1.103620,1.105270,0
2020-03-02 00:00,1.105270,1.118450,1.103820,1.114440,0
2020-03-03 00:00,1.114440,1.121340,1.109530,1.116110,0
2020-03-04 00:00,1.116110,1.118750,1.109550,1.113830,0
2020-03-05 00:00,1.113820,1.124870,1.111950,1.123070,0
2020-03-06 00:00,1.123070,1.135460,1.121900,1.128040,0
2020-03-08 00:00,1.134730,1.149540,1.133500,1.140110,0
2020-03-09 00:00,1.140100,1.148440,1.136530,1.137510,0
2020-03-10 00:00,1.137540,1.140100,1.127490,1.133740,0
2020-03-11 00:00,1.133730,1.136670,1.125010,1.129570,0
2020-03-12 00:00,1.129570,1.131950,1.105500,1.121890,0
2020-03-13 00:00,1.121900,1.122060,1.105500,1.109920,0
2020-03-15 00:00,1.107050,1.119960,1.107050,1.113330,0
2020-03-16 00:00,1.113310,1.123660,1.109420,1.117920,0
2020-03-17 00:00,1.117920,1.118110,1.095500,1.103060,0
2020-03-18 00:00,1.103060,1.104510,1.080160,1.089610,0
2020-03-19 00:00,1.089610,1.094750,1.065270,1.076460,0
2020-03-20 00:00,1.076500,1.083090,1.063750,1.069290,0
2020-03-22 00:00,1.070110,1.073720,1.063570,1.073540,0
2020-03-23 00:00,1.073580,1.082790,1.066640,1.078840,0
2020-03-24 00:00,1.078860,1.088790,1.074570,1.081130,0
2020-03-25 00:00,1.081110,1.093360,1.078480,1.090620,0
2020-03-26 00:00,1.090620,1.108680,1.089670,1.105820,0
2020-03-27 00:00,1.105840,1.114730,1.095330,1.113790,0
2020-03-29 00:00,1.111720,1.113830,1.107920,1.108030,0
2020-03-30 00:00,1.108030,1.110600,1.098320,1.102650,0
2020-03-31 00:00,1.102620,1.103900,1.092650,1.101950,0
2020-04-01 00:00,1.101950,1.103290,1.090260,1.093890,0
2020-04-02 00:00,1.093890,1.096440,1.082060,1.084530,0
2020-04-03 00:00,1.084520,1.085120,1.077270,1.079550,0
2020-04-05 00:00,1.080820,1.082320,1.079850,1.081470,0
2020-04-06 00:00,1.081480,1.083540,1.076830,1.081440,0
2020-04-07 00:00,1.081450,1.092630,1.081130,1.085960,0
2020-04-08 00:00,1.085970,1.088830,1.082990,1.086640,0
2020-04-09 00:00,1.086650,1.095160,1.084090,1.094270,0
2020-04-10 00:00,1.094270,1.095240,1.092770,1.093260,0
2020-04-12 00:00,1.094820,1.094820,1.092490,1.093330,0
2020-04-13 00:00,1.093330,1.096780,1.089260,1.094680,0
2020-04-14 00:00,1.094690,1.099070,1.091490,1.097720,0
2020-04-15 00:00,1.097720,1.097880,1.085640,1.087360,0
2020-04-16 00:00,1.087360,1.090480,1.081660,1.086650,0
2020-04-17 00:00,1.086640,1.089260,1.081190,1.087110,0
2020-04-19 00:00,1.087480,1.087770,1.085630,1.086090,0
2020-04-20 00:00,1.086100,1.089670,1.082570,1.083760,0
2020-04-21 00:00,1.083750,1.088020,1.081650,1.085060,0
2020-04-22 00:00,1.085060,1.088520,1.080320,1.080920,0
2020-04-23 00:00,1.080900,1.084660,1.075600,1.077110,0
2020-04-24 00:00,1.077100,1.082940,1.072710,1.081960,0
2020-04-26 00:00,1.082110,1.083320,1.081120,1.083170,0
2020-04-27 00:00,1.083170,1.086020,1.081650,1.082420,0
2020-04-28 00:00,1.082420,1.088840,1.080970,1.084670,0
2020-04-29 00:00,1.084670,1.088560,1.083920,1.086300,0
2020-04-30 00:00,1.086290,1.097260,1.083300,1.094500,0
2020-05-01 00:00,1.094500,1.101870,1.094390,1.097770,0
2020-05-03 00:00,1.096760,1.097360,1.094060,1.094250,0
2020-05-04 00:00,1.094240,1.094890,1.089560,1.090360,0
2020-05-05 00:00,1.090360,1.092580,1.082580,1.083460,0
2020-05-06 00:00,1.083460,1.084100,1.078190,1.080060,0
2020-05-07 00:00,1.080060,1.085470,1.076650,1.084730,0
2020-05-08 00:00,1.084730,1.087560,1.081510,1.083710,0
2020-05-10 00:00,1.082650,1.085040,1.082390,1.084710,0
2020-05-11 00:00,1.084720,1.084960,1.078430,1.080680,0
2020-05-12 00:00,1.080670,1.088510,1.080010,1.085090,0
2020-05-13 00:00,1.085080,1.089650,1.080720,1.080870,0
2020-05-14 00:00,1.080880,1.082020,1.077480,1.080520,0
2020-05-15 00:00,1.080500,1.085090,1.078880,1.081830,0
2020-05-17 00:00,1.080880,1.082680,1.080670,1.082370,0
2020-05-18 00:00,1.082360,1.092700,1.079990,1.090820,0
2020-05-19 00:00,1.090850,1.097590,1.090750,1.094030,0
2020-05-20 00:00,1.094020,1.099890,1.093740,1.096080,0
2020-05-21 00:00,1.096070,1.100830,1.092990,1.093470,0
2020-05-22 00:00,1.093460,1.093460,1.088520,1.089800,0
2020-05-24 00:00,1.089560,1.090860,1.088720,1.088950,0
2020-05-25 00:00,1.088960,1.091970,1.087060,1.091810,0
2020-05-26 00:00,1.091800,1.099570,1.091450,1.096190,0
2020-05-27 00:00,1.096190,1.103510,1.093400,1.101150,0
2020-05-28 00:00,1.101150,1.109340,1.099160,1.108960,0
2020-05-29 00:00,1.108970,1.114510,1.108090,1.110360,0
2020-05-31 00:00,1.111290,1.114020,1.110230,1.113290,0
2020-06-01 00:00,1.113290,1.115400,1.110040,1.112680,0
2020-06-02 00:00,1.112670,1.121090,1.111510,1.120760,0
2020-06-03 00:00,1.120760,1.125770,1.118380,1.121630,0
2020-06-04 00:00,1.121640,1.136230,1.119470,1.133900,0
2020-06-05 00:00,1.133890,1.138360,1.127840,1.129110,0
2020-06-07 00:00,1.129340,1.131980,1.128490,1.128960,0
2020-06-08 00:00,1.128970,1.131850,1.126820,1.128720,0
2020-06-09 00:00,1.128730,1.136380,1.124090,1.134240,0
2020-06-10 00:00,1.134240,1.142240,1.132190,1.135720,0
2020-06-11 00:00,1.135730,1.140360,1.127650,1.129350,0
2020-06-12 00:00,1.129360,1.134050,1.121250,1.125500,0
2020-06-14 00:00,1.123290,1.126430,1.122620,1.126330,0
2020-06-15 00:00,1.126350,1.134830,1.122670,1.133940,0
2020-06-16 00:00,1.133940,1.135320,1.122780,1.126420,0
2020-06-17 00:00,1.126430,1.129390,1.120680,1.124920,0
2020-06-18 00:00,1.124910,1.126130,1.118540,1.121440,0
2020-06-19 00:00,1.121440,1.125420,1.116800,1.117590,0
2020-06-21 00:00,1.118350,1.119670,1.116840,1.119220,0
2020-06-22 00:00,1.119210,1.128090,1.118800,1.126910,0
2020-06-23 00:00,1.126900,1.134860,1.125650,1.131530,0
2020-06-24 00:00,1.131540,1.132500,1.123980,1.124200,0
2020-06-25 00:00,1.124210,1.125350,1.119030,1.122270,0
2020-06-26 00:00,1.122250,1.123930,1.119510,1.121700,0
2020-06-28 00:00,1.121490,1.124680,1.121490,1.123940,0
2020-06-29 00:00,1.123950,1.128790,1.121930,1.123770,0
2020-06-30 00:00,1.123790,1.126190,1.119100,1.122650,0
2020-07-01 00:00,1.122650,1.127510,1.118480,1.126280,0
2020-07-02 00:00,1.126280,1.130260,1.122330,1.124460,0
2020-07-03 00:00,1.124460,1.125180,1.121920,1.124640,0
2020-07-05 00:00,1.124330,1.128530,1.124110,1.128260,0
2020-07-06 00:00,1.128270,1.134540,1.128100,1.131020,0
2020-07-07 00:00,1.131010,1.131590,1.125880,1.127790,0
2020-07-08 00:00,1.127790,1.136390,1.126230,1.136220,0
2020-07-09 00:00,1.136210,1.137060,1.126930,1.127420,0
2020-07-10 00:00,1.127410,1.132470,1.125470,1.129900,0
2020-07-12 00:00,1.130390,1.133030,1.130260,1.132660,0
2020-07-13 00:00,1.132660,1.137480,1.130080,1.134200,0
2020-07-14 00:00,1.134200,1.142300,1.132510,1.139760,0
2020-07-15 00:00,1.139760,1.145200,1.139100,1.140520,0
2020-07-16 00:00,1.140510,1.144170,1.137040,1.139170,0
2020-07-17 00:00,1.139160,1.144360,1.137790,1.142690,0
2020-07-19 00:00,1.140840,1.144560,1.140840,1.141840,0
2020-07-20 00:00,1.141870,1.146960,1.140230,1.144530,0
2020-07-21 00:00,1.144520,1.154700,1.142280,1.154030,0
2020-07-22 00:00,1.154040,1.160130,1.150680,1.157680,0
2020-07-23 00:00,1.157690,1.162680,1.154030,1.161300,0
2020-07-24 00:00,1.161300,1.165800,1.158120,1.165460,0
2020-07-26 00:00,1.164300,1.172500,1.164130,1.171060,0
2020-07-27 00:00,1.171060,1.178130,1.168180,1.172430,0
2020-07-28 00:00,1.172430,1.174300,1.169870,1.172850,0
2020-07-29 00:00,1.172860,1.180610,1.171840,1.177620,0
2020-07-30 00:00,1.177620,1.190470,1.173080,1.189180,0
2020-07-31 00:00,1.189180,1.190870,1.176170,1.177530,0
2020-08-02 00:00,1.177250,1.179660,1.174050,1.177280,0
2020-08-03 00:00,1.177270,1.178490,1.169590,1.176760,0
2020-08-04 00:00,1.176760,1.182140,1.172110,1.181510,0
2020-08-05 00:00,1.181520,1.190480,1.179920,1.187250,0
2020-08-06 00:00,1.187250,1.191600,1.181790,1.182610,0
2020-08-07 00:00,1.182640,1.185060,1.175510,1.178620,0
2020-08-09 00:00,1.178860,1.179820,1.177320,1.179500,0
2020-08-10 00:00,1.179500,1.180060,1.172190,1.174860,0
2020-08-11 00:00,1.174860,1.180800,1.171590,1.172110,0
2020-08-12 00:00,1.172110,1.181710,1.171100,1.180740,0
2020-08-13 00:00,1.180750,1.186410,1.179340,1.181030,0
2020-08-14 00:00,1.181040,1.185030,1.178170,1.184140,0
2020-08-16 00:00,1.183890,1.186750,1.183240,1.185990,0
2020-08-17 00:00,1.185990,1.189650,1.182860,1.188570,0
2020-08-18 00:00,1.188580,1.196560,1.188240,1.192960,0
2020-08-19 00:00,1.192960,1.195070,1.183020,1.184720,0
2020-08-20 00:00,1.184710,1.187670,1.180190,1.187310,0
2020-08-21 00:00,1.187310,1.188280,1.175410,1.179490,0
2020-08-23 00:00,1.179110,1.180650,1.178450,1.178770,0
2020-08-24 00:00,1.178760,1.184950,1.178410,1.180580,0
2020-08-25 00:00,1.180600,1.184350,1.179790,1.181850,0
2020-08-26 00:00,1.181850,1.184970,1.177210,1.183360,0
2020-08-27 00:00,1.183370,1.190180,1.176230,1.185900,0
2020-08-28 00:00,1.185890,1.191970,1.185260,1.190180,0
2020-08-30 00:00,1.189980,1.192950,1.189660,1.191120,0
2020-08-31 00:00,1.191100,1.199720,1.188400,1.198950,0
2020-09-01 00:00,1.198940,1.201130,1.189180,1.190290,0
2020-09-02 00:00,1.190310,1.191340,1.182010,1.182080,0
2020-09-03 00:00,1.182080,1.186460,1.178890,1.184770,0
2020-09-04 00:00,1.184770,1.186540,1.178090,1.183710,0
2020-09-06 00:00,1.184320,1.184690,1.182980,1.183640,0
2020-09-07 00:00,1.183660,1.184860,1.179500,1.180820,0
2020-09-08 00:00,1.180820,1.182730,1.175700,1.178020,0
2020-09-09 00:00,1.178010,1.183390,1.175270,1.182190,0
2020-09-10 00:00,1.182180,1.191750,1.181000,1.183380,0
2020-09-11 00:00,1.183370,1.187410,1.182620,1.184530,0
2020-09-13 00:00,1.183480,1.185110,1.183190,1.184730,0
2020-09-14 00:00,1.184730,1.189060,1.184260,1.188870,0
2020-09-15 00:00,1.188880,1.190050,1.182860,1.184670,0
2020-09-16 00:00,1.184670,1.188250,1.173730,1.175330,0
2020-09-17 00:00,1.175330,1.186180,1.174950,1.185030,0
2020-09-18 00:00,1.185040,1.187050,1.182600,1.183850,0
2020-09-20 00:00,1.183690,1.186730,1.183690,1.186720,0
2020-09-21 00:00,1.186710,1.187170,1.173170,1.176780,0
2020-09-22 00:00,1.176790,1.176900,1.167520,1.168160,0
2020-09-23 00:00,1.168170,1.171880,1.165130,1.165600,0
2020-09-24 00:00,1.165590,1.168690,1.162650,1.166490,0
2020-09-25 00:00,1.166480,1.168500,1.161210,1.162770,0
2020-09-27 00:00,1.162710,1.163770,1.161500,1.163550,0
2020-09-28 00:00,1.163560,1.168370,1.162250,1.167460,0
2020-09-29 00:00,1.167470,1.175480,1.166520,1.172910,0
2020-09-30 00:00,1.172900,1.175160,1.168470,1.174350,0
2020-10-01 00:00,1.174360,1.176960,1.171400,1.171610,0
2020-10-02 00:00,1.171600,1.174160,1.169560,1.171570,0
2020-10-04 00:00,1.171100,1.173570,1.170530,1.172810,0
2020-10-05 00:00,1.172810,1.179870,1.171980,1.179220,0
2020-10-06 00:00,1.179230,1.180770,1.172490,1.172840,0
2020-10-07 00:00,1.172810,1.178180,1.172780,1.177000,0
2020-10-08 00:00,1.177010,1.178160,1.173260,1.177700,0
2020-10-09 00:00,1.177700,1.183100,1.176660,1.182480,0
2020-10-11 00:00,1.181030,1.182260,1.180840,1.181680,0
2020-10-12 00:00,1.181690,1.182660,1.178670,1.179510,0
2020-10-13 00:00,1.179500,1.180310,1.173040,1.174390,0
2020-10-14 00:00,1.174380,1.177100,1.171990,1.174940,0
2020-10-15 00:00,1.174940,1.175780,1.168840,1.170240,0
2020-10-16 00:00,1.170240,1.174620,1.169390,1.171320,0
2020-10-18 00:00,1.171810,1.172490,1.170570,1.170640,0
2020-10-19 00:00,1.170650,1.179360,1.170310,1.177610,0
2020-10-20 00:00,1.177610,1.184820,1.175980,1.184680,0
2020-10-21 00:00,1.184670,1.188070,1.183820,1.184190,0
2020-10-22 00:00,1.184210,1.186680,1.178660,1.180040,0
2020-10-23 00:00,1.180030,1.186480,1.179150,1.185720,0
2020-10-25 00:00,1.185460,1.186050,1.183220,1.183290,0
2020-10-26 00:00,1.183270,1.184740,1.180320,1.182450,0
2020-10-27 00:00,1.182450,1.183870,1.176950,1.177940,0
2020-10-28 00:00,1.177930,1.178510,1.171780,1.175270,0
2020-10-29 00:00,1.175280,1.175730,1.165010,1.168140,0
2020-10-30 00:00,1.168150,1.170420,1.164000,1.164310,0
2020-11-01 00:00,1.164980,1.165030,1.163000,1.163100,0
2020-11-02 00:00,1.163090,1.165570,1.162210,1.164950,0
2020-11-03 00:00,1.164940,1.177040,1.160260,1.165420,0
2020-11-04 00:00,1.165410,1.174550,1.162820,1.173790,0
2020-11-05 00:00,1.173800,1.185960,1.172740,1.181890,0
2020-11-06 00:00,1.181890,1.189080,1.181290,1.187000,0
2020-11-08 00:00,1.188980,1.189520,1.187860,1.188670,0
2020-11-09 00:00,1.188670,1.191990,1.179520,1.183530,0
2020-11-10 00:00,1.183540,1.184320,1.177990,1.182270,0
2020-11-11 00:00,1.182260,1.182810,1.174540,1.177000,0
2020-11-12 00:00,1.177000,1.182310,1.175850,1.180370,0
2020-11-13 00:00,1.180380,1.183740,1.180070,1.183100,0
2020-11-15 00:00,1.184110,1.185460,1.182880,1.185160,0
2020-11-16 00:00,1.185160,1.186890,1.181410,1.185900,0
2020-11-17 00:00,1.185910,1.189370,1.184250,1.186810,0
2020-11-18 00:00,1.186840,1.189080,1.183180,1.184690,0
2020-11-19 00:00,1.184700,1.188610,1.181610,1.188460,0
2020-11-20 00:00,1.188460,1.189080,1.184980,1.185440,0
2020-11-22 00:00,1.185380,1.187790,1.185280,1.187310,0
2020-11-23 00:00,1.187300,1.190600,1.179970,1.185400,0
2020-11-24 00:00,1.185390,1.191010,1.184140,1.190430,0
2020-11-25 00:00,1.190430,1.192970,1.188180,1.192420,0
2020-11-26 00:00,1.192420,1.194090,1.188520,1.192420,0
2020-11-27 00:00,1.192430,1.196410,1.191400,1.196200,0
2020-11-29 00:00,1.196140,1.197400,1.196100,1.196800,0
2020-11-30 00:00,1.193720,1.195980,1.193530,1.195740,0
2020-12-01 00:00,1.195750,1.208360,1.195390,1.207500,0
2020-12-02 00:00,1.207500,1.212500,1.203990,1.211740,0
2020-12-03 00:00,1.211740,1.217460,1.210100,1.214190,0
2020-12-04 00:00,1.214190,1.217730,1.211010,1.212020,0
2020-12-06 00:00,1.213080,1.214020,1.211860,1.213260,0
2020-12-07 00:00,1.213260,1.216620,1.207840,1.211440,0
2020-12-08 00:00,1.211430,1.213390,1.209530,1.212880,0
2020-12-09 00:00,1.212870,1.214750,1.205870,1.209910,0
2020-12-10 00:00,1.209910,1.216000,1.208110,1.215530,0
2020-12-11 00:00,1.215530,1.216290,1.210530,1.210860,0
2020-12-13 00:00,1.213670,1.214350,1.211550,1.213300,0
2020-12-14 00:00,1.213310,1.217670,1.212290,1.214650,0
2020-12-15 00:00,1.214660,1.216890,1.212100,1.216470,0
2020-12-16 00:00,1.216470,1.223540,1.212500,1.222500,0
2020-12-17 00:00,1.222510,1.227260,1.222390,1.224050,0
2020-12-18 00:00,1.224060,1.226870,1.222550,1.225590,0
2020-12-20 00:00,1.222100,1.223480,1.217890,1.219080,0
2020-12-21 00:00,1.219080,1.225290,1.212960,1.222290,0
2020-12-22 00:00,1.222300,1.225700,1.215200,1.218780,0
2020-12-23 00:00,1.218780,1.222100,1.216020,1.220430,0
2020-12-24 00:00,1.220430,1.220970,1.217090,1.219830,0
2020-12-25 00:00,1.219830,1.220310,1.218630,1.219220,0
2020-12-27 00:00,1.218600,1.221590,1.218110,1.221020,0
2020-12-28 00:00,1.221020,1.225020,1.219130,1.223960,0
2020-12-29 00:00,1.223980,1.229480,1.223500,1.228480,0
2020-12-30 00:00,1.228490,1.231010,1.225270,1.228650,0
2020-12-31 00:00,1.228640,1.230410,1.220910,1.221530,0
2021-01-03 00:00,1.223960,1.225840,1.222960,1.224880,0
2021-01-04 00:00,1.224890,1.230960,1.224130,1.226890,0
2021-01-05 00:00,1.226890,1.232610,1.225380,1.229170,0
2021-01-06 00:00,1.229150,1.234940,1.226550,1.232460,0
2021-01-07 00:00,1.232460,1.232550,1.223490,1.226320,0
2021-01-08 00:00,1.226300,1.228450,1.219290,1.221740,0
2021-01-10 00:00,1.221750,1.222840,1.216660,1.217380,0
2021-01-11 00:00,1.217390,1.219980,1.213210,1.214270,0
2021-01-12 00:00,1.214270,1.222010,1.213710,1.220850,0
2021-01-13 00:00,1.220850,1.222270,1.213550,1.214960,0
2021-01-14 00:00,1.214950,1.217840,1.211100,1.214680,0
2021-01-15 00:00,1.214680,1.214690,1.207470,1.207480,0
2021-01-17 00:00,1.208380,1.208650,1.206490,1.207000,0
2021-01-18 00:00,1.207010,1.209860,1.205350,1.209530,0
2021-01-19 00:00,1.209530,1.214920,1.208520,1.214030,0
2021-01-20 00:00,1.214030,1.215810,1.207670,1.212940,0
2021-01-21 00:00,1.212950,1.217770,1.211480,1.217350,0
2021-01-22 00:00,1.217360,1.218940,1.215150,1.216670,0
2021-01-24 00:00,1.216880,1.218020,1.216010,1.217600,0
2021-01-25 00:00,1.217600,1.218320,1.211580,1.213010,0
2021-01-26 00:00,1.213010,1.217580,1.210760,1.215720,0
2021-01-27 00:00,1.215720,1.216590,1.205850,1.209360,0
2021-01-28 00:00,1.209340,1.214240,1.208070,1.209950,0
2021-01-29 00:00,1.209950,1.215600,1.209440,1.212980,0
2021-01-31 00:00,1.212970,1.213630,1.212010,1.212750,0
2021-02-01 00:00,1.212760,1.213260,1.205600,1.207560,0
2021-02-02 00:00,1.207550,1.208710,1.201150,1.204320,0
2021-02-03 00:00,1.204340,1.204560,1.200400,1.201970,0
2021-02-04 00:00,1.201960,1.201960,1.195220,1.195600,0
2021-02-05 00:00,1.195610,1.204980,1.195520,1.204810,0
2021-02-07 00:00,1.203750,1.205500,1.202960,1.203450,0
2021-02-08 00:00,1.203460,1.208200,1.201960,1.207560,0
2021-02-09 00:00,1.207570,1.212970,1.206720,1.212880,0
2021-02-10 00:00,1.212870,1.214400,1.211310,1.212150,0
2021-02-11 00:00,1.212150,1.214940,1.211790,1.212240,0
2021-02-12 00:00,1.212250,1.213160,1.208150,1.211770,0
2021-02-14 00:00,1.212440,1.213760,1.211670,1.213210,0
2021-02-15 00:00,1.213200,1.215010,1.212070,1.213950,0
2021-02-16 00:00,1.213960,1.216930,1.208320,1.209170,0
2021-02-17 00:00,1.209190,1.209510,1.202320,1.203710,0
2021-02-18 00:00,1.203720,1.209850,1.203630,1.209290,0
2021-02-19 00:00,1.209290,1.214440,1.209040,1.211670,0
2021-02-21 00:00,1.211510,1.213550,1.211240,1.212050,0
2021-02-22 00:00,1.212060,1.217710,1.209110,1.217180,0
2021-02-23 00:00,1.217180,1.218010,1.213530,1.214860,0
2021-02-24 00:00,1.214850,1.217730,1.210920,1.217640,0
2021-02-25 00:00,1.217670,1.224330,1.213720,1.215480,0
2021-02-26 00:00,1.215490,1.215950,1.206210,1.207040,0
2021-02-28 00:00,1.207020,1.210110,1.206990,1.207740,0
2021-03-01 00:00,1.207760,1.209280,1.201510,1.202070,0
2021-03-02 00:00,1.202090,1.209430,1.199160,1.208850,0
2021-03-03 00:00,1.208840,1.211320,1.204270,1.205520,0
2021-03-04 00:00,1.205530,1.206240,1.195150,1.195610,0
2021-03-05 00:00,1.195620,1.196180,1.189320,1.191280,0
2021-03-07 00:00,1.191770,1.193210,1.189870,1.190570,0
2021-03-08 00:00,1.190560,1.191450,1.183550,1.185740,0
2021-03-09 00:00,1.185740,1.191560,1.185110,1.187950,0
2021-03-10 00:00,1.187960,1.193450,1.186880,1.192730,0
2021-03-11 00:00,1.192740,1.198990,1.191890,1.196600,0
2021-03-12 00:00,1.196590,1.196700,1.190990,1.194760,0
2021-03-14 00:00,1.194510,1.196740,1.194250,1.194310,0
2021-03-15 00:00,1.194290,1.194350,1.191100,1.193770,0
2021-03-16 00:00,1.193750,1.195180,1.188190,1.190350,0
2021-03-17 00:00,1.190330,1.198770,1.188610,1.196130,0
2021-03-18 00:00,1.196130,1.198880,1.190200,1.191860,0
2021-03-19 00:00,1.191860,1.193710,1.187380,1.190310,0
2021-03-21 00:00,1.187120,1.189890,1.187080,1.189340,0
2021-03-22 00:00,1.189330,1.194680,1.187440,1.192310,0
2021-03-23 00:00,1.192310,1.193180,1.183600,1.184640,0
2021-03-24 00:00,1.184630,1.184730,1.180410,1.182060,0
2021-03-25 00:00,1.182050,1.182610,1.176170,1.177630,0
2021-03-26 00:00,1.177640,1.180490,1.177170,1.179180,0
2021-03-28 00:00,1.179170,1.179350,1.177500,1.178620,0
2021-03-29 00:00,1.178610,1.179390,1.176060,1.176660,0
2021-03-30 00:00,1.176670,1.176770,1.170440,1.170710,0
2021-03-31 00:00,1.170710,1.175980,1.170400,1.172430,0
2021-04-01 00:00,1.172430,1.178400,1.171250,1.177940,0
2021-04-02 00:00,1.177920,1.178660,1.174900,1.176030,0
2021-04-04 00:00,1.175440,1.177180,1.175320,1.176990,0
2021-04-05 00:00,1.177010,1.182150,1.173790,1.180250,0
2021-04-06 00:00,1.180260,1.187770,1.179510,1.186670,0
2021-04-07 00:00,1.186670,1.191470,1.186080,1.187080,0
2021-04-08 00:00,1.187090,1.192740,1.186160,1.190670,0
2021-04-09 00:00,1.190670,1.191030,1.186690,1.189770,0
2021-04-11 00:00,1.189030,1.190380,1.188530,1.189240,0
2021-04-12 00:00,1.189260,1.191900,1.187100,1.189030,0
2021-04-13 00:00,1.189020,1.196300,1.187760,1.195810,0
2021-04-14 00:00,1.195800,1.198970,1.195090,1.197460,0
2021-04-15 00:00,1.197460,1.199320,1.195030,1.195710,0
2021-04-16 00:00,1.195710,1.199460,1.195660,1.198050,0
2021-04-18 00:00,1.197220,1.197710,1.194240,1.195600,0
2021-04-19 00:00,1.195610,1.207170,1.195520,1.206660,0
2021-04-20 00:00,1.206660,1.207970,1.202240,1.203040,0
2021-04-21 00:00,1.203040,1.204670,1.199850,1.203620,0
2021-04-22 00:00,1.203620,1.206940,1.199360,1.202140,0
2021-04-23 00:00,1.202150,1.209990,1.202080,1.209380,0
2021-04-25 00:00,1.209130,1.211670,1.208850,1.211010,0
2021-04-26 00:00,1.211010,1.211540,1.206080,1.206900,0
2021-04-27 00:00,1.206910,1.209270,1.205670,1.207620,0
2021-04-28 00:00,1.207630,1.214980,1.205600,1.212580,0
2021-04-29 00:00,1.212590,1.213670,1.210210,1.211740,0
2021-04-30 00:00,1.211750,1.211980,1.201650,1.201690,0
2021-05-02 00:00,1.203090,1.203540,1.201830,1.202230,0
2021-05-03 00:00,1.202240,1.207600,1.201300,1.203940,0
2021-05-04 00:00,1.203940,1.204280,1.199890,1.202410,0
2021-05-05 00:00,1.202400,1.202540,1.198590,1.199880,0
2021-05-06 00:00,1.199860,1.207160,1.199810,1.206780,0
2021-05-07 00:00,1.206770,1.217130,1.205270,1.216150,0
2021-05-09 00:00,1.216010,1.217690,1.215090,1.215480,0
2021-05-10 00:00,1.215490,1.217820,1.212590,1.213970,0
2021-05-11 00:00,1.213970,1.218150,1.211530,1.211680,0
2021-05-12 00:00,1.211670,1.215200,1.206550,1.207640,0
2021-05-13 00:00,1.207640,1.210600,1.205140,1.208540,0
2021-05-14 00:00,1.208550,1.214770,1.208420,1.214200,0
2021-05-16 00:00,1.214500,1.215110,1.212890,1.213150,0
2021-05-17 00:00,1.213160,1.216910,1.212590,1.216750,0
2021-05-18 00:00,1.216740,1.223390,1.216290,1.222940,0
2021-05-19 00:00,1.222940,1.224510,1.215980,1.218220,0
2021-05-20 00:00,1.218230,1.223910,1.217700,1.223210,0
2021-05-21 00:00,1.223200,1.223960,1.216070,1.217780,0
2021-05-23 00:00,1.217780,1.218710,1.217220,1.218130,0
2021-05-24 00:00,1.218130,1.223010,1.217490,1.222660,0
2021-05-25 00:00,1.222620,1.226640,1.222020,1.225790,0
2021-05-26 00:00,1.225780,1.226290,1.217510,1.219340,0
2021-05-27 00:00,1.219360,1.221490,1.217970,1.218710,0
2021-05-28 00:00,1.218690,1.220480,1.213250,1.219050,0
2021-05-30 00:00,1.219900,1.220420,1.218450,1.219880,0
2021-05-31 00:00,1.223250,1.223640,1.222370,1.223010,0
2021-06-01 00:00,1.223000,1.225420,1.221100,1.222290,0
2021-06-02 00:00,1.222290,1.222300,1.216400,1.220630,0
2021-06-03 00:00,1.220640,1.220820,1.211430,1.211480,0
2021-06-04 00:00,1.211500,1.218560,1.210390,1.216440,0
2021-06-06 00:00,1.216010,1.217260,1.215960,1.216740,0
2021-06-07 00:00,1.216720,1.220170,1.214480,1.217980,0
2021-06-08 00:00,1.217950,1.219300,1.216420,1.218040,0
2021-06-09 00:00,1.218040,1.221790,1.216630,1.216940,0
2021-06-10 00:00,1.216960,1.219450,1.214330,1.218720,0
2021-06-11 00:00,1.218710,1.219290,1.209250,1.210720,0
2021-06-13 00:00,1.210450,1.211210,1.209450,1.209960,0
2021-06-14 00:00,1.209940,1.213050,1.209420,1.212310,0
2021-06-15 00:00,1.212320,1.214730,1.210130,1.212270,0
2021-06-16 00:00,1.212250,1.213470,1.198410,1.199350,0
2021-06-17 00:00,1.199370,1.200620,1.189160,1.192170,0
2021-06-18 00:00,1.192160,1.192430,1.184720,1.185920,0
2021-06-20 00:00,1.185420,1.187640,1.184760,1.185600,0
2021-06-21 00:00,1.185610,1.192130,1.185110,1.191170,0
2021-06-22 00:00,1.191160,1.195260,1.188080,1.192230,0
2021-06-23 00:00,1.192260,1.197000,1.191130,1.192130,0
2021-06-24 00:00,1.192160,1.195620,1.191760,1.194000,0
2021-06-25 00:00,1.193990,1.197510,1.192610,1.193470,0
2021-06-27 00:00,1.192960,1.194190,1.192000,1.192480,0
2021-06-28 00:00,1.192460,1.194440,1.190220,1.191120,0
2021-06-29 00:00,1.191150,1.192300,1.187750,1.190220,0
2021-06-30 00:00,1.190230,1.190790,1.184500,1.185040,0
2021-07-01 00:00,1.185050,1.188420,1.183730,1.184270,0
2021-07-02 00:00,1.184300,1.187410,1.180700,1.186220,0
2021-07-04 00:00,1.185980,1.186850,1.185180,1.185300,0
2021-07-05 00:00,1.185300,1.188040,1.185130,1.187350,0
2021-07-06 00:00,1.187350,1.189510,1.180680,1.182480,0
2021-07-07 00:00,1.182490,1.183640,1.178150,1.179210,0
2021-07-08 00:00,1.179200,1.186780,1.179140,1.183930,0
2021-07-09 00:00,1.183940,1.188100,1.182490,1.187100,0
2021-07-11 00:00,1.187510,1.188020,1.186500,1.186920,0
2021-07-12 00:00,1.186900,1.187970,1.183600,1.186960,0
2021-07-13 00:00,1.186980,1.187050,1.177170,1.178330,0
2021-07-14 00:00,1.178320,1.183870,1.177590,1.183200,0
2021-07-15 00:00,1.183180,1.185060,1.179620,1.181160,0
2021-07-16 00:00,1.181160,1.182210,1.179210,1.180470,0
2021-07-18 00:00,1.180540,1.181380,1.179780,1.180450,0
2021-07-19 00:00,1.180470,1.182440,1.176360,1.179320,0
2021-07-20 00:00,1.179320,1.180240,1.175550,1.177480,0
2021-07-21 00:00,1.177480,1.180460,1.175180,1.179580,0
2021-07-22 00:00,1.179580,1.183040,1.175720,1.176960,0
2021-07-23 00:00,1.176950,1.178650,1.175440,1.176830,0
2021-07-25 00:00,1.176810,1.177860,1.176320,1.177850,0
2021-07-26 00:00,1.177870,1.181720,1.176690,1.180520,0
2021-07-27 00:00,1.180550,1.184090,1.176980,1.182150,0
2021-07-28 00:00,1.182120,1.185780,1.177210,1.185420,0
2021-07-29 00:00,1.185420,1.189420,1.185020,1.187810,0
2021-07-30 00:00,1.187820,1.190850,1.185150,1.186670,0
2021-08-01 00:00,1.186410,1.187270,1.185870,1.187120,0
2021-08-02 00:00,1.187130,1.189680,1.186410,1.187440,0
2021-08-03 00:00,1.187440,1.189320,1.185350,1.187320,0
2021-08-04 00:00,1.187340,1.189960,1.183150,1.183390,0
2021-08-05 00:00,1.183400,1.185720,1.181850,1.182310,0
2021-08-06 00:00,1.182290,1.182980,1.175430,1.175960,0
2021-08-08 00:00,1.175800,1.176100,1.174220,1.175910,0
2021-08-09 00:00,1.175900,1.176890,1.173200,1.173880,0
2021-08-10 00:00,1.173900,1.174270,1.170950,1.171840,0
2021-08-11 00:00,1.171850,1.175410,1.170590,1.174440,0
2021-08-12 00:00,1.174440,1.174810,1.172360,1.173950,0
2021-08-13 00:00,1.173960,1.180450,1.173020,1.179330,0
2021-08-15 00:00,1.179340,1.180070,1.178980,1.179000,0
2021-08-16 00:00,1.178990,1.179410,1.176660,1.176830,0
2021-08-17 00:00,1.176830,1.178460,1.170170,1.171640,0
2021-08-18 00:00,1.171670,1.174270,1.166560,1.167520,0
2021-08-19 00:00,1.167530,1.170410,1.166860,1.168530,0
2021-08-20 00:00,1.168550,1.170440,1.166380,1.169510,0
2021-08-22 00:00,1.169350,1.172360,1.169250,1.172000,0
2021-08-23 00:00,1.172000,1.175010,1.170630,1.173760,0
2021-08-24 00:00,1.173770,1.176500,1.172720,1.173810,0
2021-08-25 00:00,1.173800,1.177450,1.172600,1.176280,0
2021-08-26 00:00,1.176270,1.177890,1.174200,1.175950,0
2021-08-27 00:00,1.175960,1.180220,1.173480,1.179100,0
2021-08-29 00:00,1.179370,1.180970,1.178980,1.180380,0
2021-08-30 00:00,1.180380,1.181980,1.178270,1.181930,0
2021-08-31 00:00,1.181940,1.184500,1.179640,1.180430,0
2021-09-01 00:00,1.180430,1.185710,1.179350,1.183770,0
2021-09-02 00:00,1.183770,1.188420,1.183420,1.187860,0
2021-09-03 00:00,1.187870,1.190900,1.186550,1.187730,0
2021-09-05 00:00,1.187600,1.188620,1.186480,1.186780,0
2021-09-06 00:00,1.186790,1.188510,1.185570,1.187840,0
2021-09-07 00:00,1.187840,1.188220,1.183580,1.184210,0
2021-09-08 00:00,1.184200,1.184480,1.180190,1.181810,0
2021-09-09 00:00,1.181800,1.184120,1.180510,1.183020,0
2021-09-10 00:00,1.183030,1.185100,1.180920,1.181010,0
2021-09-12 00:00,1.181110,1.181570,1.180210,1.180480,0
2021-09-13 00:00,1.180490,1.181880,1.177000,1.181550,0
2021-09-14 00:00,1.181560,1.184580,1.180000,1.180610,0
2021-09-15 00:00,1.180610,1.183180,1.179910,1.181210,0
2021-09-16 00:00,1.181210,1.181270,1.175040,1.176880,0
2021-09-17 00:00,1.176890,1.178880,1.172350,1.172390,0
2021-09-19 00:00,1.172880,1.173050,1.170970,1.171060,0
2021-09-20 00:00,1.171060,1.173990,1.170010,1.173190,0
2021-09-21 00:00,1.173200,1.174860,1.171470,1.172000,0
2021-09-22 00:00,1.171990,1.175550,1.168340,1.170670,0
2021-09-23 00:00,1.170670,1.175000,1.170500,1.174100,0
2021-09-24 00:00,1.174090,1.174180,1.170050,1.171810,0
2021-09-26 00:00,1.172530,1.172610,1.171600,1.172210,0
2021-09-27 00:00,1.172210,1.172470,1.168460,1.169160,0
2021-09-28 00:00,1.169160,1.170310,1.166820,1.168480,0
2021-09-29 00:00,1.168460,1.168780,1.158940,1.160390,0
2021-09-30 00:00,1.160390,1.160960,1.156240,1.157570,0
2021-10-01 00:00,1.157560,1.160720,1.157240,1.159230,0
2021-10-03 00:00,1.159540,1.161360,1.158760,1.158910,0
2021-10-04 00:00,1.158940,1.164000,1.158940,1.159870,0
2021-10-05 00:00,1.159880,1.161310,1.158040,1.159350,0
2021-10-06 00:00,1.159350,1.159360,1.152910,1.155550,0
2021-10-07 00:00,1.155550,1.157200,1.154740,1.155220,0
2021-10-08 00:00,1.155220,1.158610,1.154130,1.157210,0
2021-10-10 00:00,1.156740,1.157920,1.156360,1.157220,0
2021-10-11 00:00,1.157200,1.158670,1.154710,1.155950,0
2021-10-12 00:00,1.155950,1.157030,1.152420,1.155130,0
2021-10-13 00:00,1.155140,1.160090,1.153610,1.159380,0
2021-10-14 00:00,1.159380,1.162420,1.158390,1.160790,0
2021-10-15 00:00,1.160790,1.161850,1.158870,1.159830,0
2021-10-17 00:00,1.159030,1.160520,1.158120,1.158180,0
2021-10-18 00:00,1.158180,1.164660,1.157170,1.164660,0
2021-10-19 00:00,1.164660,1.166930,1.162760,1.164380,0
2021-10-20 00:00,1.164370,1.166740,1.161680,1.166470,0
2021-10-21 00:00,1.166490,1.166510,1.161940,1.162700,0
2021-10-22 00:00,1.162710,1.165560,1.162180,1.163950,0
2021-10-24 00:00,1.163820,1.166480,1.163560,1.166380,0
2021-10-25 00:00,1.166370,1.166490,1.159070,1.160080,0
2021-10-26 00:00,1.160060,1.162570,1.158480,1.160140,0
2021-10-27 00:00,1.160140,1.162590,1.158490,1.160570,0
2021-10-28 00:00,1.160560,1.169210,1.158210,1.167640,0
2021-10-29 00:00,1.167620,1.167720,1.153500,1.155290,0
2021-10-31 00:00,1.155760,1.156420,1.154600,1.155130,0
2021-11-01 00:00,1.155160,1.160900,1.154720,1.160370,0
2021-11-02 00:00,1.160390,1.161330,1.157480,1.158350,0
2021-11-03 00:00,1.158350,1.161640,1.156220,1.159070,0
2021-11-04 00:00,1.159080,1.159210,1.152820,1.155740,0
2021-11-05 00:00,1.155720,1.157310,1.151320,1.156310,0
2021-11-07 00:00,1.155660,1.156980,1.155310,1.156100,0
2021-11-08 00:00,1.156090,1.159920,1.155030,1.159680,0
2021-11-09 00:00,1.159680,1.160870,1.156980,1.158400,0
2021-11-10 00:00,1.158410,1.158490,1.146470,1.148040,0
2021-11-11 00:00,1.148020,1.148490,1.143590,1.144160,0
2021-11-12 00:00,1.144160,1.146200,1.143280,1.144130,0
2021-11-14 00:00,1.144730,1.146380,1.144100,1.145550,0
2021-11-15 00:00,1.145560,1.146300,1.135620,1.138360,0
2021-11-16 00:00,1.138370,1.138440,1.126350,1.129810,0
2021-11-17 00:00,1.129800,1.133790,1.129160,1.132510,0
2021-11-18 00:00,1.132490,1.137400,1.131370,1.135220,0
2021-11-19 00:00,1.135200,1.136040,1.124990,1.127940,0
2021-11-21 00:00,1.128730,1.129070,1.126480,1.127800,0
2021-11-22 00:00,1.127810,1.129040,1.122590,1.123600,0
2021-11-23 00:00,1.123590,1.127500,1.123160,1.124270,0
2021-11-24 00:00,1.124270,1.125520,1.118590,1.121420,0
2021-11-25 00:00,1.121420,1.122960,1.120550,1.122090,0
2021-11-26 00:00,1.122090,1.133010,1.122060,1.130710,0
2021-11-28 00:00,1.130040,1.131340,1.127270,1.127270,0
2021-11-29 00:00,1.127260,1.130460,1.125830,1.129620,0
2021-11-30 00:00,1.129620,1.138280,1.123490,1.133150,0
2021-12-01 00:00,1.133180,1.135960,1.130250,1.132250,0
2021-12-02 00:00,1.132260,1.134760,1.129070,1.129750,0
2021-12-03 00:00,1.129750,1.133330,1.126650,1.131170,0
2021-12-05 00:00,1.130460,1.131290,1.128770,1.128780,0
2021-12-06 00:00,1.128810,1.131010,1.126630,1.128810,0
2021-12-07 00:00,1.128800,1.129840,1.122750,1.129070,0
2021-12-08 00:00,1.129060,1.135470,1.126670,1.133600,0
2021-12-09 00:00,1.133580,1.133580,1.127830,1.129890,0
2021-12-10 00:00,1.129900,1.132390,1.126510,1.131460,0
2021-12-12 00:00,1.131000,1.131920,1.129210,1.129460,0
2021-12-13 00:00,1.129430,1.130710,1.126000,1.127740,0
2021-12-14 00:00,1.127730,1.132380,1.125350,1.126390,0
2021-12-15 00:00,1.126370,1.129910,1.122150,1.128630,0
2021-12-16 00:00,1.128630,1.136030,1.128340,1.133540,0
2021-12-17 00:00,1.133540,1.134880,1.123500,1.123700,0
2021-12-19 00:00,1.123710,1.125100,1.123440,1.124920,0
2021-12-20 00:00,1.124920,1.130370,1.124710,1.128030,0
2021-12-21 00:00,1.128040,1.130260,1.126070,1.127370,0
2021-12-22 00:00,1.127370,1.134230,1.126440,1.133920,0
2021-12-23 00:00,1.133920,1.134180,1.129000,1.133400,0
2021-12-24 00:00,1.133410,1.134330,1.130310,1.131020,0
2021-12-26 00:00,1.131010,1.132600,1.130760,1.131860,0
2021-12-27 00:00,1.131860,1.133440,1.130280,1.132680,0
2021-12-28 00:00,1.132690,1.133310,1.128950,1.130400,0
2021-12-29 00:00,1.130410,1.136880,1.127370,1.133260,0
2021-12-30 00:00,1.133250,1.134440,1.129840,1.131740,0
2021-12-31 00:00,1.131740,1.138630,1.130320,1.136860,0
2022-01-02 00:00,1.136900,1.137820,1.133850,1.134030,0
2022-01-03 00:00,1.134040,1.136610,1.127970,1.130050,0
2022-01-04 00:00,1.130050,1.132240,1.127210,1.128870,0
2022-01-05 00:00,1.128890,1.134630,1.128730,1.131220,0
2022-01-06 00:00,1.131220,1.133180,1.128450,1.130060,0
2022-01-07 00:00,1.130060,1.136470,1.129220,1.135930,0
2022-01-09 00:00,1.135150,1.136020,1.133320,1.133410,0
2022-01-10 00:00,1.133410,1.134440,1.128470,1.134070,0
2022-01-11 00:00,1.134100,1.137550,1.131300,1.137250,0
2022-01-12 00:00,1.137270,1.145260,1.135470,1.144210,0
2022-01-13 00:00,1.144210,1.148170,1.143830,1.147360,0
2022-01-14 00:00,1.147360,1.148270,1.139840,1.140900,0
2022-01-16 00:00,1.141180,1.142120,1.140000,1.141880,0
2022-01-17 00:00,1.141910,1.143440,1.138490,1.140150,0
2022-01-18 00:00,1.140140,1.140570,1.131460,1.133010,0
2022-01-19 00:00,1.133000,1.136510,1.132690,1.135050,0
2022-01-20 00:00,1.135060,1.136880,1.130090,1.132430,0
2022-01-21 00:00,1.132430,1.135960,1.132230,1.134180,0
2022-01-23 00:00,1.133960,1.134500,1.132740,1.132960,0
2022-01-24 00:00,1.132970,1.133630,1.129040,1.131170,0
2022-01-25 00:00,1.131180,1.131560,1.126310,1.130160,0
2022-01-26 00:00,1.130160,1.130520,1.121850,1.122220,0
2022-01-27 00:00,1.122210,1.122210,1.113120,1.115200,0
2022-01-28 00:00,1.115190,1.117350,1.112130,1.114500,0
2022-01-30 00:00,1.114220,1.116360,1.113800,1.116160,0
2022-01-31 00:00,1.116150,1.124780,1.114620,1.124300,0
2022-02-01 00:00,1.124300,1.127860,1.123420,1.127450,0
2022-02-02 00:00,1.127430,1.133000,1.126650,1.129670,0
2022-02-03 00:00,1.129670,1.147190,1.126720,1.146600,0
2022-02-04 00:00,1.146590,1.148370,1.141150,1.144770,0
2022-02-06 00:00,1.146380,1.146460,1.142470,1.143850,0
2022-02-07 00:00,1.143850,1.145870,1.141510,1.142360,0
2022-02-08 00:00,1.142360,1.143350,1.139610,1.142680,0
2022-02-09 00:00,1.142670,1.144770,1.140240,1.142500,0
2022-02-10 00:00,1.142490,1.149480,1.137480,1.138080,0
2022-02-11 00:00,1.138090,1.141800,1.132960,1.134630,0
2022-02-13 00:00,1.133690,1.136900,1.133650,1.134500,0
2022-02-14 00:00,1.134500,1.135220,1.127990,1.131900,0
2022-02-15 00:00,1.131890,1.136810,1.130930,1.134770,0
2022-02-16 00:00,1.134780,1.139570,1.132300,1.134220,0
2022-02-17 00:00,1.134210,1.138600,1.134210,1.136360,0
2022-02-18 00:00,1.136390,1.137690,1.131400,1.132030,0
2022-02-20 00:00,1.131860,1.136790,1.131300,1.136210,0
2022-02-21 00:00,1.136210,1.139050,1.128800,1.129840,0
2022-02-22 00:00,1.129840,1.136670,1.129250,1.132540,0
2022-02-23 00:00,1.132540,1.135880,1.120830,1.124530,0
2022-02-24 00:00,1.124520,1.126240,1.110620,1.122140,0
2022-02-25 00:00,1.122130,1.127390,1.116590,1.127190,0
2022-02-27 00:00,1.112370,1.119440,1.112250,1.114580,0
2022-02-28 00:00,1.114620,1.124640,1.114450,1.119640,0
2022-03-01 00:00,1.119620,1.123290,1.108960,1.112300,0
2022-03-02 00:00,1.112280,1.114370,1.105730,1.109770,0
2022-03-03 00:00,1.109780,1.110620,1.101000,1.103540,0
2022-03-04 00:00,1.103540,1.103910,1.088560,1.093110,0
2022-03-06 00:00,1.091990,1.092870,1.082130,1.087950,0
2022-03-07 00:00,1.087910,1.093250,1.080590,1.086990,0
2022-03-08 00:00,1.086980,1.095820,1.085110,1.091680,0
2022-03-09 00:00,1.091680,1.109510,1.090910,1.105380,0
2022-03-10 00:00,1.105390,1.112120,1.097600,1.100100,0
2022-03-11 00:00,1.100150,1.104350,1.090180,1.090990,0
2022-03-13 00:00,1.092050,1.093870,1.090050,1.091710,0
2022-03-14 00:00,1.091700,1.099380,1.090840,1.098230,0
2022-03-15 00:00,1.098240,1.101960,1.092600,1.096770,0
2022-03-16 00:00,1.096770,1.105230,1.095000,1.103430,0
2022-03-17 00:00,1.103440,1.113750,1.102190,1.107670,0
2022-03-18 00:00,1.107660,1.109420,1.100300,1.104920,0
2022-03-20 00:00,1.105610,1.105840,1.103740,1.104090,0
2022-03-21 00:00,1.104090,1.107010,1.098100,1.098530,0
2022-03-22 00:00,1.098520,1.104570,1.096080,1.102740,0
2022-03-23 00:00,1.102730,1.103970,1.096390,1.098550,0
2022-03-24 00:00,1.098550,1.103760,1.096590,1.103180,0
2022-03-25 00:00,1.103170,1.103390,1.097970,1.098050,0
2022-03-27 00:00,1.098450,1.098690,1.095040,1.095540,0
2022-03-28 00:00,1.095540,1.099950,1.094460,1.099260,0
2022-03-29 00:00,1.099260,1.113700,1.097490,1.111490,0
2022-03-30 00:00,1.111500,1.118480,1.110540,1.116400,0
2022-03-31 00:00,1.116400,1.117560,1.105950,1.106520,0
2022-04-01 00:00,1.106520,1.107570,1.102790,1.104270,0
2022-04-03 00:00,1.103010,1.105440,1.103010,1.104780,0
2022-04-04 00:00,1.104770,1.105390,1.096030,1.097230,0
2022-04-05 00:00,1.097220,1.098860,1.089060,1.090030,0
2022-04-06 00:00,1.090020,1.093790,1.087450,1.090700,0
2022-04-07 00:00,1.090710,1.093830,1.085650,1.086380,0
2022-04-08 00:00,1.086370,1.089170,1.083640,1.087440,0
2022-04-10 00:00,1.092020,1.092020,1.087500,1.088310,0
2022-04-11 00:00,1.088330,1.093320,1.086650,1.087450,0
2022-04-12 00:00,1.087460,1.090360,1.081130,1.083710,0
2022-04-13 00:00,1.083710,1.090930,1.080880,1.090700,0
2022-04-14 00:00,1.090700,1.092330,1.075750,1.080430,0
2022-04-15 00:00,1.080400,1.082360,1.080180,1.080570,0
2022-04-17 00:00,1.080290,1.082160,1.079070,1.079280,0
2022-04-18 00:00,1.079300,1.081450,1.076100,1.077240,0
2022-04-19 00:00,1.077240,1.082260,1.076650,1.081860,0
2022-04-20 00:00,1.081870,1.086700,1.080570,1.083040,0
2022-04-21 00:00,1.083050,1.093620,1.082890,1.084130,0
2022-04-22 00:00,1.084130,1.085150,1.077070,1.079470,0
2022-04-24 00:00,1.080410,1.081530,1.077720,1.078140,0
2022-04-25 00:00,1.078120,1.078530,1.069660,1.073210,0
2022-04-26 00:00,1.073220,1.073430,1.063360,1.064060,0
2022-04-27 00:00,1.064050,1.065460,1.050890,1.050890,0
2022-04-28 00:00,1.050900,1.056470,1.047100,1.051310,0
2022-04-29 00:00,1.051310,1.059280,1.050870,1.054090,0
2022-05-01 00:00,1.054440,1.055970,1.051730,1.052390,0
2022-05-02 00:00,1.052390,1.056820,1.049010,1.051840,0
2022-05-03 00:00,1.051840,1.057760,1.049210,1.051610,0
2022-05-04 00:00,1.051600,1.064170,1.050590,1.061760,0
2022-05-05 00:00,1.061770,1.061920,1.049250,1.053300,0
2022-05-06 00:00,1.053300,1.059880,1.048260,1.054520,0
2022-05-08 00:00,1.053980,1.054260,1.050270,1.051000,0
2022-05-09 00:00,1.051000,1.059240,1.049510,1.057870,0
2022-05-10 00:00,1.057850,1.058520,1.052530,1.053650,0
2022-05-11 00:00,1.053640,1.057710,1.050170,1.052200,0
2022-05-12 00:00,1.052200,1.052550,1.035390,1.039110,0
2022-05-13 00:00,1.039090,1.041950,1.034960,1.041160,0
2022-05-15 00:00,1.039520,1.041700,1.038890,1.039650,0
2022-05-16 00:00,1.039640,1.045400,1.038930,1.044010,0
2022-05-17 00:00,1.044000,1.056360,1.043580,1.053230,0
2022-05-18 00:00,1.053220,1.054200,1.045970,1.049990,0
2022-05-19 00:00,1.049990,1.060700,1.046500,1.056600,0
2022-05-20 00:00,1.056590,1.059900,1.053280,1.056100,0
2022-05-22 00:00,1.056010,1.059460,1.055520,1.059240,0
2022-05-23 00:00,1.059250,1.069730,1.058840,1.067250,0
2022-05-24 00:00,1.067270,1.074850,1.066220,1.071360,0
2022-05-25 00:00,1.071350,1.071400,1.064210,1.070130,0
2022-05-26 00:00,1.070140,1.076500,1.066240,1.075560,0
2022-05-27 00:00,1.075550,1.075820,1.069680,1.073170,0
2022-05-29 00:00,1.073470,1.075580,1.072610,1.074450,0
2022-05-30 00:00,1.074440,1.078670,1.073420,1.075110,0
2022-05-31 00:00,1.075110,1.075510,1.067890,1.071810,0
2022-06-01 00:00,1.071820,1.073930,1.062710,1.065410,0
2022-06-02 00:00,1.065420,1.076430,1.064950,1.075300,0
2022-06-03 00:00,1.075310,1.076240,1.070400,1.071690,0
2022-06-05 00:00,1.071670,1.073160,1.070990,1.072510,0
2022-06-06 00:00,1.072510,1.075180,1.067050,1.068150,0
2022-06-07 00:00,1.068150,1.071420,1.065190,1.068360,0
2022-06-08 00:00,1.068350,1.074840,1.067130,1.072940,0
2022-06-09 00:00,1.072940,1.077380,1.061100,1.063410,0
2022-06-10 00:00,1.063400,1.064220,1.050570,1.051370,0
2022-06-12 00:00,1.051300,1.052010,1.047560,1.049160,0
2022-06-13 00:00,1.049160,1.049540,1.039700,1.042710,0
2022-06-14 00:00,1.042700,1.048460,1.039970,1.044260,0
2022-06-15 00:00,1.044250,1.050770,1.035900,1.044290,0
2022-06-16 00:00,1.044290,1.060140,1.038080,1.052030,0
2022-06-17 00:00,1.052060,1.053570,1.044440,1.049340,0
2022-06-19 00:00,1.047310,1.052870,1.047290,1.052830,0
2022-06-20 00:00,1.052810,1.054580,1.049790,1.053200,0
2022-06-21 00:00,1.053200,1.058240,1.050210,1.051070,0
2022-06-22 00:00,1.051070,1.060570,1.046870,1.056920,0
2022-06-23 00:00,1.056920,1.057920,1.048260,1.053280,0
2022-06-24 00:00,1.053270,1.057120,1.051410,1.055190,0
2022-06-26 00:00,1.054790,1.057460,1.054570,1.055630,0
2022-06-27 00:00,1.055620,1.061500,1.055350,1.058110,0
2022-06-28 00:00,1.058100,1.060610,1.050320,1.052960,0
2022-06-29 00:00,1.052980,1.053500,1.043290,1.045160,0
2022-06-30 00:00,1.045170,1.048870,1.038240,1.045430,0
2022-07-01 00:00,1.045400,1.047400,1.036580,1.042620,0
2022-07-03 00:00,1.041740,1.044420,1.041420,1.042590,0
2022-07-04 00:00,1.042580,1.046270,1.041700,1.043460,0
2022-07-05 00:00,1.043460,1.044850,1.023500,1.026370,0
2022-07-06 00:00,1.026360,1.027650,1.016140,1.020350,0
2022-07-07 00:00,1.020350,1.022090,1.014390,1.015810,0
2022-07-08 00:00,1.015820,1.019070,1.007200,1.018220,0
2022-07-10 00:00,1.016970,1.018340,1.013480,1.014940,0
2022-07-11 00:00,1.014930,1.015440,1.000590,1.002580,0
2022-07-12 00:00,1.002570,1.007380,0.999990,1.003630,0
2022-07-13 00:00,1.003630,1.012220,0.999790,1.003280,0
2022-07-14 00:00,1.003290,1.005030,0.995210,1.002560,0
2022-07-15 00:00,1.002560,1.009790,1.000680,1.008210,0
2022-07-17 00:00,1.008110,1.011430,1.007850,1.010420,0
2022-07-18 00:00,1.010410,1.020110,1.008120,1.012670,0
2022-07-19 00:00,1.012670,1.026900,1.012410,1.024300,0
2022-07-20 00:00,1.024290,1.027290,1.015530,1.020880,0
2022-07-21 00:00,1.020880,1.027810,1.015310,1.019070,0
2022-07-22 00:00,1.019040,1.025530,1.012970,1.021190,0
2022-07-24 00:00,1.020830,1.021850,1.018090,1.020700,0
2022-07-25 00:00,1.020700,1.025780,1.017840,1.023000,0
2022-07-26 00:00,1.022990,1.023610,1.010740,1.014260,0
2022-07-27 00:00,1.014240,1.022060,1.009660,1.020950,0
2022-07-28 00:00,1.020940,1.023430,1.011380,1.021310,0
2022-07-29 00:00,1.021300,1.025420,1.014600,1.022480,0
2022-07-31 00:00,1.020980,1.024110,1.020530,1.022540,0
2022-08-01 00:00,1.022530,1.029390,1.021320,1.027360,0
2022-08-02 00:00,1.027350,1.027950,1.014980,1.019120,0
2022-08-03 00:00,1.019120,1.021020,1.012260,1.016260,0
2022-08-04 00:00,1.016260,1.025370,1.015650,1.023630,0
2022-08-05 00:00,1.023630,1.023910,1.014150,1.018250,0
2022-08-07 00:00,1.017260,1.018560,1.015900,1.018550,0
2022-08-08 00:00,1.018540,1.022170,1.017120,1.019610,0
2022-08-09 00:00,1.019570,1.024720,1.019160,1.021370,0
2022-08-10 00:00,1.021390,1.036850,1.020200,1.028830,0
2022-08-11 00:00,1.028860,1.036420,1.027520,1.031710,0
2022-08-12 00:00,1.031700,1.032410,1.023800,1.025900,0
2022-08-14 00:00,1.025510,1.026820,1.023970,1.025180,0
2022-08-15 00:00,1.025190,1.025570,1.014730,1.016190,0
2022-08-16 00:00,1.016200,1.019480,1.012250,1.017330,0
2022-08-17 00:00,1.017330,1.020290,1.014530,1.017050,0
2022-08-18 00:00,1.017040,1.018800,1.006970,1.008000,0
2022-08-19 00:00,1.008010,1.009540,1.003180,1.003260,0
2022-08-21 00:00,1.003660,1.004660,1.002330,1.004280,0
2022-08-22 00:00,1.004270,1.004280,0.992600,0.994180,0
2022-08-23 00:00,0.994170,1.001810,0.990020,0.994740,0
2022-08-24 00:00,0.994730,0.999930,0.990990,0.998630,0
2022-08-25 00:00,0.998620,1.003340,0.994900,0.997030,0
2022-08-26 00:00,0.997030,1.008980,0.994630,0.996230,0
2022-08-28 00:00,0.996570,0.996700,0.991800,0.992380,0
2022-08-29 00:00,0.992390,1.002910,0.991410,0.999820,0
2022-08-30 00:00,0.999830,1.005470,0.998210,1.003200,0
2022-08-31 00:00,1.003220,1.007900,0.997120,1.001620,0
2022-09-01 00:00,1.001630,1.004850,0.991070,0.996180,0
2022-09-02 00:00,0.996170,1.003350,0.994490,0.995150,0
2022-09-04 00:00,0.992850,0.993470,0.990080,0.991280,0
2022-09-05 00:00,0.991270,0.997060,0.987720,0.994400,0
2022-09-06 00:00,0.994400,0.998620,0.986380,0.988630,0
2022-09-07 00:00,0.988590,1.001280,0.987560,0.998610,0
2022-09-08 00:00,0.998600,1.008400,0.993030,1.006930,0
2022-09-09 00:00,1.006920,1.011310,1.003200,1.004250,0
2022-09-11 00:00,1.010390,1.010390,1.005960,1.008100,0
2022-09-12 00:00,1.008090,1.019770,1.007320,1.013000,0
2022-09-13 00:00,1.013000,1.018700,0.995540,0.998860,0
2022-09-14 00:00,0.998870,1.002340,0.995950,0.997390,0
2022-09-15 00:00,0.997400,1.001770,0.995560,0.999720,0
2022-09-16 00:00,0.999730,1.003630,0.994480,1.001460,0
2022-09-18 00:00,1.000720,1.002910,0.999430,0.999790,0
2022-09-19 00:00,0.999800,1.005040,0.996570,1.002940,0
2022-09-20 00:00,1.002940,1.004200,0.995500,0.996590,0
2022-09-21 00:00,0.996600,0.996830,0.980800,0.981930,0
2022-09-22 00:00,0.981910,0.990740,0.981190,0.982330,0
2022-09-23 00:00,0.982340,0.983800,0.966800,0.968850,0
2022-09-25 00:00,0.966660,0.970980,0.955030,0.963380,0
2022-09-26 00:00,0.963380,0.970130,0.958390,0.964080,0
2022-09-27 00:00,0.964080,0.967070,0.954260,0.955780,0
2022-09-28 00:00,0.955790,0.975080,0.953570,0.968590,0
2022-09-29 00:00,0.968560,0.984370,0.963530,0.979940,0
2022-09-30 00:00,0.979960,0.985370,0.973460,0.980130,0
2022-10-02 00:00,0.979330,0.982870,0.978520,0.980540,0
2022-10-03 00:00,0.980540,0.984530,0.975250,0.984220,0
2022-10-04 00:00,0.984230,0.999950,0.982580,0.996920,0
2022-10-05 00:00,0.996910,0.999470,0.983460,0.991650,0
2022-10-06 00:00,0.991660,0.992580,0.978620,0.980470,0
2022-10-07 00:00,0.980470,0.981670,0.972590,0.973880,0
2022-10-09 00:00,0.973360,0.975310,0.972460,0.973750,0
2022-10-10 00:00,0.973750,0.974570,0.968070,0.968200,0
2022-10-11 00:00,0.968190,0.977450,0.966980,0.969820,0
2022-10-12 00:00,0.969790,0.973460,0.966780,0.970040,0
2022-10-13 00:00,0.970030,0.980860,0.963150,0.978700,0
2022-10-14 00:00,0.978690,0.979960,0.970700,0.971820,0
2022-10-16 00:00,0.972010,0.975210,0.971820,0.973950,0
2022-10-17 00:00,0.973970,0.985250,0.971970,0.984090,0
2022-10-18 00:00,0.984100,0.987550,0.981240,0.984400,0
2022-10-19 00:00,0.984410,0.984610,0.975440,0.976120,0
2022-10-20 00:00,0.976100,0.984540,0.975900,0.976840,0
2022-10-21 00:00,0.976860,0.986890,0.970480,0.986130,0
2022-10-23 00:00,0.987120,0.989900,0.982540,0.983430,0
2022-10-24 00:00,0.983420,0.989840,0.980670,0.988460,0
2022-10-25 00:00,0.988450,0.997680,0.984840,0.995710,0
2022-10-26 00:00,0.995700,1.009340,0.995080,1.006940,0
2022-10-27 00:00,1.006920,1.008360,0.995750,0.999220,0
2022-10-28 00:00,0.999210,0.999250,0.992650,0.996310,0
2022-10-30 00:00,0.994640,0.996560,0.994310,0.996050,0
2022-10-31 00:00,0.996050,0.996160,0.987170,0.990490,0
2022-11-01 00:00,0.990500,0.995390,0.985270,0.988410,0
2022-11-02 00:00,0.988410,0.997570,0.980980,0.983450,0
2022-11-03 00:00,0.983460,0.983590,0.972990,0.978610,0
2022-11-04 00:00,0.978630,0.996640,0.975100,0.995600,0
2022-11-06 00:00,0.990360,0.994690,0.990010,0.993880,0
2022-11-07 00:00,0.993890,1.003400,0.992390,1.000570,0
2022-11-08 00:00,1.000580,1.009630,0.997150,1.006910,0
2022-11-09 00:00,1.006930,1.008610,0.999270,1.002860,0
2022-11-10 00:00,1.002860,1.022180,0.993540,1.019220,0
2022-11-11 00:00,1.019200,1.036400,1.018930,1.035380,0
2022-11-13 00:00,1.033540,1.035010,1.030510,1.031220,0
2022-11-14 00:00,1.031230,1.035840,1.027130,1.032110,0
2022-11-15 00:00,1.032090,1.048080,1.027990,1.034500,0
2022-11-16 00:00,1.034530,1.043840,1.034070,1.037080,0
2022-11-17 00:00,1.037070,1.040650,1.030510,1.036480,0
2022-11-18 00:00,1.036480,1.039590,1.031340,1.032350,0
2022-11-20 00:00,1.032270,1.033300,1.027650,1.028090,0
2022-11-21 00:00,1.028090,1.028690,1.022270,1.026010,0
2022-11-22 00:00,1.026010,1.032470,1.024560,1.031700,0
2022-11-23 00:00,1.031680,1.044840,1.029630,1.044620,0
2022-11-24 00:00,1.044630,1.044660,1.038160,1.042120,0
2022-11-25 00:00,1.042130,1.042820,1.035460,1.039260,0
2022-11-27 00:00,1.037160,1.038360,1.034100,1.036200,0
2022-11-28 00:00,1.036210,1.049670,1.033000,1.039280,0
2022-11-29 00:00,1.039280,1.039330,1.031880,1.035570,0
2022-11-30 00:00,1.035580,1.044770,1.029000,1.043900,0
2022-12-01 00:00,1.043890,1.053930,1.039290,1.052310,0
2022-12-02 00:00,1.052320,1.054480,1.042800,1.053250,0
2022-12-04 00:00,1.053030,1.058320,1.053030,1.058100,0
2022-12-05 00:00,1.058090,1.059480,1.048000,1.049060,0
2022-12-06 00:00,1.049050,1.053260,1.045490,1.046350,0
2022-12-07 00:00,1.046340,1.054960,1.044310,1.050080,0
2022-12-08 00:00,1.050100,1.058530,1.048950,1.057590,0
2022-12-09 00:00,1.057590,1.058810,1.050270,1.053160,0
2022-12-11 00:00,1.052640,1.053720,1.050570,1.051600,0
2022-12-12 00:00,1.051580,1.058000,1.050790,1.054110,0
2022-12-13 00:00,1.054120,1.067310,1.052780,1.062390,0
2022-12-14 00:00,1.062380,1.069500,1.061870,1.064750,0
2022-12-15 00:00,1.064740,1.073610,1.059210,1.064610,0
2022-12-16 00:00,1.064590,1.066300,1.058390,1.058390,0
2022-12-18 00:00,1.058950,1.061300,1.058200,1.060630,0
2022-12-19 00:00,1.060630,1.065780,1.057570,1.060710,0
2022-12-20 00:00,1.060710,1.065840,1.057880,1.060830,0
2022-12-21 00:00,1.060800,1.064590,1.059010,1.064450,0
2022-12-22 00:00,1.064440,1.065930,1.057300,1.060550,0
2022-12-23 00:00,1.060530,1.063280,1.059220,1.061720,0
2022-12-25 00:00,1.061140,1.063440,1.059790,1.062650,0
2022-12-26 00:00,1.062640,1.066040,1.061510,1.064540,0
2022-12-27 00:00,1.064540,1.066940,1.061130,1.064150,0
2022-12-28 00:00,1.064150,1.067420,1.060650,1.062500,0
2022-12-29 00:00,1.062490,1.069020,1.061090,1.065510,0
2022-12-30 00:00,1.065510,1.071310,1.063850,1.070540,0
2023-01-01 00:00,1.069700,1.070870,1.067880,1.069930,0
2023-01-02 00:00,1.069940,1.069970,1.064990,1.066720,0
2023-01-03 00:00,1.066730,1.067060,1.051940,1.057270,0
2023-01-04 00:00,1.057260,1.063540,1.055940,1.060400,0
2023-01-05 00:00,1.060410,1.062880,1.051480,1.052430,0
2023-01-06 00:00,1.052450,1.064800,1.048230,1.064130,0
2023-01-08 00:00,1.064060,1.067820,1.063810,1.067640,0
2023-01-09 00:00,1.067640,1.076050,1.066000,1.073060,0
2023-01-10 00:00,1.073040,1.075920,1.071190,1.073840,0
2023-01-11 00:00,1.073830,1.077620,1.072540,1.077150,0
2023-01-12 00:00,1.077150,1.086790,1.072970,1.083980,0
2023-01-13 00:00,1.083960,1.086400,1.078030,1.083020,0
2023-01-15 00:00,1.082880,1.087410,1.082010,1.085260,0
2023-01-16 00:00,1.085270,1.086090,1.080130,1.082600,0
2023-01-17 00:00,1.082580,1.086930,1.076610,1.077420,0
2023-01-18 00:00,1.077430,1.088730,1.076790,1.079560,0
2023-01-19 00:00,1.079580,1.084400,1.078250,1.082940,0
2023-01-20 00:00,1.082930,1.085870,1.080220,1.085490,0
2023-01-22 00:00,1.086780,1.090290,1.086110,1.089460,0
2023-01-23 00:00,1.089450,1.092670,1.084610,1.087610,0
2023-01-24 00:00,1.087630,1.090280,1.083490,1.089860,0
2023-01-25 00:00,1.089860,1.092460,1.085710,1.091430,0
2023-01-26 00:00,1.091420,1.092930,1.085050,1.086610,0
2023-01-27 00:00,1.086620,1.089530,1.083770,1.086490,0
2023-01-29 00:00,1.086430,1.087920,1.085950,1.087610,0
2023-01-30 00:00,1.087600,1.091370,1.083890,1.084600,0
2023-01-31 00:00,1.084600,1.087470,1.080190,1.086560,0
2023-02-01 00:00,1.086550,1.103270,1.086530,1.101950,0
2023-02-02 00:00,1.101970,1.102460,1.088510,1.089310,0
2023-02-03 00:00,1.089310,1.093990,1.079240,1.079290,0
2023-02-05 00:00,1.078200,1.079870,1.078130,1.079620,0
2023-02-06 00:00,1.079610,1.079790,1.070920,1.073260,0
2023-02-07 00:00,1.073270,1.076640,1.066900,1.073340,0
2023-02-08 00:00,1.073330,1.076070,1.070920,1.073190,0
2023-02-09 00:00,1.073190,1.079070,1.071710,1.071830,0
2023-02-10 00:00,1.071820,1.075250,1.066610,1.067540,0
2023-02-12 00:00,1.068080,1.068210,1.065530,1.066710,0
2023-02-13 00:00,1.066710,1.073980,1.066280,1.073790,0
2023-02-14 00:00,1.073780,1.080440,1.070660,1.071820,0
2023-02-15 00:00,1.071800,1.073270,1.066040,1.070700,0
2023-02-16 00:00,1.070700,1.072220,1.063260,1.063810,0
2023-02-17 00:00,1.063810,1.069820,1.061260,1.069290,0
2023-02-19 00:00,1.068490,1.069330,1.067280,1.068640,0
2023-02-20 00:00,1.068650,1.070440,1.066200,1.066830,0
2023-02-21 00:00,1.066820,1.069800,1.063970,1.065850,0
2023-02-22 00:00,1.065840,1.066320,1.059890,1.062430,0
2023-02-23 00:00,1.062420,1.062750,1.057900,1.059980,0
2023-02-24 00:00,1.059970,1.060210,1.053590,1.054690,0
2023-02-26 00:00,1.054510,1.055980,1.054000,1.054880,0
2023-02-27 00:00,1.054870,1.061480,1.053280,1.059000,0
2023-02-28 00:00,1.058990,1.064060,1.056510,1.058900,0
2023-03-01 00:00,1.058890,1.069130,1.058880,1.064790,0
2023-03-02 00:00,1.064780,1.064850,1.057640,1.060850,0
2023-03-03 00:00,1.060850,1.063840,1.059240,1.063500,0
2023-03-05 00:00,1.062660,1.064980,1.062320,1.064260,0
2023-03-06 00:00,1.064280,1.069420,1.062190,1.069030,0
2023-03-07 00:00,1.069020,1.069430,1.052740,1.053490,0
2023-03-08 00:00,1.053480,1.056140,1.052410,1.055170,0
2023-03-09 00:00,1.055160,1.059930,1.054800,1.059450,0
2023-03-10 00:00,1.059440,1.068730,1.057380,1.063680,0
2023-03-12 00:00,1.068080,1.073690,1.066370,1.071760,0
2023-03-13 00:00,1.071760,1.074230,1.065000,1.070250,0
2023-03-14 00:00,1.070240,1.075970,1.067870,1.074470,0
2023-03-15 00:00,1.074470,1.074620,1.051580,1.060270,0
2023-03-16 00:00,1.060250,1.064910,1.057280,1.064900,0
2023-03-17 00:00,1.064910,1.068520,1.061220,1.066470,0
2023-03-19 00:00,1.068210,1.068980,1.066460,1.066970,0
2023-03-20 00:00,1.066950,1.072950,1.063110,1.071210,0
2023-03-21 00:00,1.071210,1.078250,1.070380,1.076860,0
2023-03-22 00:00,1.076880,1.090560,1.075900,1.090350,0
2023-03-23 00:00,1.090360,1.092960,1.081710,1.083410,0
2023-03-24 00:00,1.083410,1.083700,1.071310,1.075890,0
2023-03-26 00:00,1.077520,1.077980,1.075750,1.077150,0
2023-03-27 00:00,1.077150,1.081940,1.074490,1.081500,0
2023-03-28 00:00,1.081510,1.084940,1.080600,1.083640,0
2023-03-29 00:00,1.083640,1.087130,1.081770,1.083290,0
2023-03-30 00:00,1.083300,1.092620,1.082350,1.090680,0
2023-03-31 00:00,1.090670,1.091070,1.083680,1.083860,0
2023-04-02 00:00,1.083980,1.084400,1.078820,1.078990,0
2023-04-03 00:00,1.079000,1.090970,1.078910,1.088850,0
2023-04-04 00:00,1.088860,1.097010,1.088280,1.095960,0
2023-04-05 00:00,1.095960,1.096730,1.088450,1.089180,0
2023-04-06 00:00,1.089180,1.093750,1.088580,1.091940,0
2023-04-09 00:00,1.089800,1.091450,1.089680,1.089910,0
2023-04-10 00:00,1.089920,1.091710,1.083730,1.088150,0
2023-04-11 00:00,1.088140,1.092870,1.088080,1.092410,0
2023-04-12 00:00,1.092400,1.100490,1.091590,1.098830,0
2023-04-13 00:00,1.098820,1.107510,1.097670,1.107030,0
2023-04-14 00:00,1.107020,1.107580,1.097520,1.099220,0
2023-04-16 00:00,1.098880,1.099420,1.096150,1.097620,0
2023-04-17 00:00,1.097610,1.099970,1.091160,1.093570,0
2023-04-18 00:00,1.093560,1.098400,1.093370,1.097420,0
2023-04-19 00:00,1.097420,1.097930,1.092600,1.095940,0
2023-04-20 00:00,1.095930,1.098490,1.093340,1.096390,0
2023-04-21 00:00,1.096390,1.099360,1.093800,1.098740,0
2023-04-23 00:00,1.098660,1.099500,1.097980,1.098150,0
2023-04-24 00:00,1.098130,1.106700,1.096580,1.105270,0
2023-04-25 00:00,1.105280,1.105880,1.096410,1.097510,0
2023-04-26 00:00,1.097500,1.108580,1.097200,1.104560,0
2023-04-27 00:00,1.104560,1.106340,1.099200,1.101940,0
2023-04-28 00:00,1.101930,1.104490,1.097230,1.101930,0
2023-04-30 00:00,1.101910,1.102200,1.100070,1.101400,0
2023-05-01 00:00,1.101430,1.103550,1.096530,1.098390,0
2023-05-02 00:00,1.098400,1.102970,1.094220,1.102940,0
2023-05-03 00:00,1.102940,1.109160,1.101420,1.108120,0
2023-05-04 00:00,1.108120,1.109170,1.099520,1.104390,0
2023-05-05 00:00,1.104410,1.104770,1.096670,1.101620,0
2023-05-07 00:00,1.102130,1.103990,1.101430,1.103900,0
2023-05-08 00:00,1.103900,1.105350,1.098490,1.099360,0
2023-05-09 00:00,1.099390,1.100070,1.094920,1.097610,0
2023-05-10 00:00,1.097600,1.100680,1.094140,1.097440,0
2023-05-11 00:00,1.097440,1.098220,1.090000,1.092220,0
2023-05-12 00:00,1.092210,1.093540,1.084760,1.084770,0
2023-05-14 00:00,1.086100,1.086430,1.084780,1.085990,0
2023-05-15 00:00,1.085980,1.089080,1.085540,1.088240,0
2023-05-16 00:00,1.088230,1.090460,1.085500,1.086540,0
2023-05-17 00:00,1.086540,1.086760,1.081470,1.083980,0
2023-05-18 00:00,1.083980,1.084040,1.076000,1.076830,0
2023-05-19 00:00,1.076830,1.082490,1.076050,1.080190,0
2023-05-21 00:00,1.080620,1.082980,1.080620,1.082080,0
2023-05-22 00:00,1.082080,1.082410,1.079550,1.080800,0
2023-05-23 00:00,1.080790,1.081290,1.076010,1.077880,0
2023-05-24 00:00,1.077870,1.080120,1.073600,1.073740,0
2023-05-25 00:00,1.073740,1.074380,1.070730,1.073740,0
2023-05-26 00:00,1.073730,1.075720,1.070180,1.072920,0
2023-05-28 00:00,1.072190,1.073540,1.071720,1.073030,0
2023-05-29 00:00,1.073040,1.074340,1.070130,1.070650,0
2023-05-30 00:00,1.070650,1.074650,1.067250,1.069770,0
2023-05-31 00:00,1.069770,1.070510,1.063550,1.068700,0
2023-06-01 00:00,1.068700,1.076900,1.066170,1.076800,0
2023-06-02 00:00,1.076800,1.077890,1.070500,1.070630,0
2023-06-04 00:00,1.070980,1.071070,1.069020,1.070250,0
2023-06-05 00:00,1.070260,1.072460,1.067770,1.071590,0
2023-06-06 00:00,1.071610,1.073280,1.066690,1.069270,0
2023-06-07 00:00,1.069260,1.073960,1.066820,1.070820,0
2023-06-08 00:00,1.070820,1.078560,1.070090,1.077770,0
2023-06-09 00:00,1.077770,1.078410,1.074280,1.074400,0
2023-06-11 00:00,1.074910,1.075030,1.073300,1.074090,0
2023-06-12 00:00,1.074090,1.079000,1.073900,1.077900,0
2023-06-13 00:00,1.077900,1.082340,1.077600,1.078990,0
2023-06-14 00:00,1.078990,1.086400,1.077390,1.081320,0
2023-06-15 00:00,1.081320,1.095070,1.080360,1.093810,0
2023-06-16 00:00,1.093820,1.096580,1.092170,1.093510,0
2023-06-18 00:00,1.094260,1.094620,1.093350,1.093690,0
2023-06-19 00:00,1.093690,1.094120,1.090990,1.091970,0
2023-06-20 00:00,1.091970,1.094610,1.089960,1.091490,0
2023-06-21 00:00,1.091490,1.099490,1.090580,1.099290,0
2023-06-22 00:00,1.099280,1.100810,1.093210,1.093560,0
2023-06-23 00:00,1.093560,1.093680,1.084430,1.089200,0
2023-06-25 00:00,1.090420,1.090970,1.089780,1.090600,0
2023-06-26 00:00,1.090610,1.093500,1.088730,1.092660,0
2023-06-27 00:00,1.092650,1.097660,1.091610,1.095080,0
2023-06-28 00:00,1.095080,1.096210,1.089050,1.089290,0
2023-06-29 00:00,1.089290,1.094140,1.086020,1.087130,0
2023-06-30 00:00,1.087130,1.092240,1.083520,1.090950,0
2023-07-02 00:00,1.090890,1.091760,1.090040,1.091270,0
2023-07-03 00:00,1.091270,1.093390,1.087020,1.090440,0
2023-07-04 00:00,1.090460,1.091460,1.087500,1.087730,0
2023-07-05 00:00,1.087740,1.090780,1.083990,1.084000,0
2023-07-06 00:00,1.084010,1.089770,1.083370,1.088780,0
2023-07-07 00:00,1.088760,1.097310,1.086690,1.096750,0
2023-07-09 00:00,1.095930,1.096950,1.095280,1.095590,0
2023-07-10 00:00,1.095600,1.102000,1.094340,1.101730,0
2023-07-11 00:00,1.101730,1.103340,1.097830,1.102950,0
2023-07-12 00:00,1.102950,1.114860,1.101480,1.114560,0
2023-07-13 00:00,1.114560,1.124290,1.112980,1.124130,0
2023-07-14 00:00,1.124130,1.124480,1.120410,1.122590,0
2023-07-16 00:00,1.122730,1.123150,1.121470,1.122640,0
2023-07-17 00:00,1.122630,1.125590,1.120330,1.125370,0
2023-07-18 00:00,1.125390,1.127560,1.120890,1.122610,0
2023-07-19 00:00,1.122620,1.124000,1.118950,1.122580,0
2023-07-20 00:00,1.122590,1.122670,1.111840,1.113600,0
2023-07-21 00:00,1.113610,1.114490,1.110790,1.112540,0
2023-07-23 00:00,1.111970,1.113270,1.111940,1.112550,0
2023-07-24 00:00,1.112540,1.114690,1.106020,1.107820,0
2023-07-25 00:00,1.107820,1.108680,1.102550,1.104930,0
2023-07-26 00:00,1.104920,1.111780,1.104620,1.110020,0
2023-07-27 00:00,1.110020,1.114390,1.096620,1.097650,0
2023-07-28 00:00,1.097660,1.104750,1.094350,1.101250,0
2023-07-30 00:00,1.102060,1.102820,1.100910,1.101230,0
2023-07-31 00:00,1.101240,1.104580,1.098030,1.098550,0
2023-08-01 00:00,1.098540,1.101920,1.095230,1.098680,0
2023-08-02 00:00,1.098690,1.100060,1.091780,1.093470,0
2023-08-03 00:00,1.093470,1.096280,1.091220,1.095420,0
2023-08-04 00:00,1.095430,1.104190,1.093490,1.100290,0
2023-08-06 00:00,1.101410,1.101510,1.099510,1.099550,0
2023-08-07 00:00,1.099550,1.101160,1.096540,1.098180,0
2023-08-08 00:00,1.098170,1.101110,1.092900,1.096650,0
2023-08-09 00:00,1.096650,1.099530,1.096200,1.097910,0
2023-08-10 00:00,1.097910,1.106500,1.097610,1.098720,0
2023-08-11 00:00,1.098720,1.100490,1.094290,1.094330,0
2023-08-13 00:00,1.094930,1.095170,1.092920,1.093210,0
2023-08-14 00:00,1.093210,1.096000,1.087470,1.091430,0
2023-08-15 00:00,1.091450,1.095240,1.089690,1.090640,0
2023-08-16 00:00,1.090640,1.093450,1.086180,1.086420,0
2023-08-17 00:00,1.086420,1.091800,1.085630,1.088590,0
2023-08-18 00:00,1.088610,1.088790,1.084500,1.086780,0
2023-08-20 00:00,1.086720,1.088410,1.086640,1.088030,0
2023-08-21 00:00,1.088040,1.091580,1.087230,1.091500,0
2023-08-22 00:00,1.091490,1.093030,1.083290,1.085740,0
2023-08-23 00:00,1.085740,1.087500,1.080250,1.086570,0
2023-08-24 00:00,1.086580,1.087640,1.077990,1.078040,0
2023-08-25 00:00,1.078040,1.084170,1.076580,1.079060,0
2023-08-27 00:00,1.079570,1.081010,1.079330,1.080940,0
2023-08-28 00:00,1.080930,1.083820,1.079890,1.083620,0
2023-08-29 00:00,1.083620,1.089190,1.078220,1.086910,0
2023-08-30 00:00,1.086900,1.094540,1.085510,1.092040,0
2023-08-31 00:00,1.092050,1.092440,1.083470,1.084170,0
2023-09-01 00:00,1.084160,1.088190,1.077160,1.077170,0
2023-09-03 00:00,1.077480,1.078720,1.077160,1.078570,0
2023-09-04 00:00,1.078570,1.080870,1.078070,1.078840,0
2023-09-05 00:00,1.078840,1.079380,1.070620,1.073320,0
2023-09-06 00:00,1.073310,1.074880,1.070250,1.072970,0
2023-09-07 00:00,1.072950,1.073020,1.068610,1.071640,0
2023-09-08 00:00,1.071650,1.074380,1.069410,1.069740,0
2023-09-10 00:00,1.071470,1.072800,1.070750,1.072250,0
2023-09-11 00:00,1.072260,1.076920,1.071540,1.074630,0
2023-09-12 00:00,1.074620,1.076480,1.070550,1.074710,0
2023-09-13 00:00,1.074720,1.076140,1.071100,1.074450,0
2023-09-14 00:00,1.074460,1.075210,1.063180,1.064740,0
2023-09-15 00:00,1.064760,1.068770,1.064430,1.065760,0
2023-09-17 00:00,1.065880,1.067360,1.065780,1.066410,0
2023-09-18 00:00,1.066410,1.069860,1.065460,1.068260,0
2023-09-19 00:00,1.068260,1.071800,1.067460,1.067950,0
2023-09-20 00:00,1.067940,1.073680,1.061670,1.063650,0
2023-09-21 00:00,1.063660,1.067340,1.062460,1.065140,0
2023-09-22 00:00,1.065140,1.067160,1.061500,1.064190,0
2023-09-24 00:00,1.065130,1.065550,1.064240,1.064800,0
2023-09-25 00:00,1.064790,1.065310,1.057530,1.058580,0
2023-09-26 00:00,1.058570,1.060900,1.055590,1.056190,0
2023-09-27 00:00,1.056190,1.057400,1.048800,1.050400,0
2023-09-28 00:00,1.050400,1.058270,1.049100,1.057540,0
2023-09-29 00:00,1.057530,1.061690,1.056380,1.056940,0
2023-10-01 00:00,1.056720,1.057210,1.055780,1.056980,0
2023-10-02 00:00,1.056970,1.059190,1.046380,1.046830,0
2023-10-03 00:00,1.046830,1.049330,1.044830,1.045920,0
2023-10-04 00:00,1.045930,1.053210,1.045140,1.052500,0
2023-10-05 00:00,1.052490,1.055180,1.050000,1.054230,0
2023-10-06 00:00,1.054240,1.059990,1.048240,1.058280,0
2023-10-08 00:00,1.055290,1.057420,1.054940,1.055210,0
2023-10-09 00:00,1.055220,1.058360,1.051940,1.056940,0
2023-10-10 00:00,1.056930,1.061980,1.055420,1.060470,0
2023-10-11 00:00,1.060470,1.063460,1.058060,1.062870,0
2023-10-12 00:00,1.062850,1.063970,1.052570,1.054550,0
2023-10-13 00:00,1.054530,1.055840,1.049540,1.050730,0
2023-10-15 00:00,1.050830,1.052570,1.050250,1.052350,0
2023-10-16 00:00,1.052340,1.056270,1.052230,1.054980,0
2023-10-17 00:00,1.054990,1.059480,1.053280,1.057540,0
2023-10-18 00:00,1.057540,1.059410,1.052310,1.053380,0
2023-10-19 00:00,1.053360,1.061630,1.052820,1.057590,0
2023-10-20 00:00,1.057600,1.060350,1.056490,1.059270,0
2023-10-22 00:00,1.059500,1.059680,1.057330,1.057510,0
2023-10-23 00:00,1.057500,1.068710,1.057140,1.068240,0
2023-10-24 00:00,1.068250,1.069420,1.058300,1.060200,0
2023-10-25 00:00,1.060190,1.060670,1.054140,1.054670,0
2023-10-26 00:00,1.054670,1.056660,1.052210,1.056440,0
2023-10-27 00:00,1.056440,1.059700,1.053540,1.056050,0
2023-10-29 00:00,1.056440,1.057490,1.055510,1.056090,0
2023-10-30 00:00,1.056090,1.062500,1.054710,1.059380,0
2023-10-31 00:00,1.059380,1.067480,1.055740,1.056720,0
2023-11-01 00:00,1.056710,1.060210,1.051670,1.059590,0
2023-11-02 00:00,1.059580,1.066750,1.059100,1.062640,0
2023-11-03 00:00,1.062640,1.074670,1.061970,1.072950,0
2023-11-05 00:00,1.072320,1.073750,1.072070,1.073560,0
2023-11-06 00:00,1.073550,1.075620,1.070510,1.070640,0
2023-11-07 00:00,1.070650,1.071160,1.066400,1.069200,0
2023-11-08 00:00,1.069200,1.071600,1.065930,1.070880,0
2023-11-09 00:00,1.070880,1.072540,1.066010,1.067120,0
2023-11-10 00:00,1.067120,1.069270,1.065600,1.068480,0
2023-11-12 00:00,1.068180,1.069060,1.067990,1.068420,0
2023-11-13 00:00,1.068420,1.070610,1.066500,1.069630,0
2023-11-14 00:00,1.069620,1.088750,1.069280,1.087770,0
2023-11-15 00:00,1.087780,1.088580,1.083000,1.083690,0
2023-11-16 00:00,1.083690,1.089550,1.083340,1.085020,0
2023-11-17 00:00,1.085040,1.091480,1.082470,1.091380,0
2023-11-19 00:00,1.090950,1.093580,1.089740,1.092200,0
2023-11-20 00:00,1.092190,1.096510,1.091290,1.095860,0
2023-11-21 00:00,1.095890,1.096390,1.090010,1.091370,0
2023-11-22 00:00,1.091360,1.091970,1.085220,1.090250,0
2023-11-23 00:00,1.090250,1.093030,1.088700,1.090350,0
2023-11-24 00:00,1.090350,1.094860,1.090140,1.093410,0
2023-11-26 00:00,1.094380,1.094970,1.092670,1.094730,0
2023-11-27 00:00,1.094720,1.096280,1.092510,1.095240,0
2023-11-28 00:00,1.095230,1.101710,1.093440,1.100250,0
2023-11-29 00:00,1.100240,1.100450,1.096010,1.096890,0
2023-11-30 00:00,1.096900,1.098170,1.087940,1.090660,0
2023-12-01 00:00,1.090660,1.091220,1.082870,1.087880,0
2023-12-03 00:00,1.087710,1.089480,1.086650,1.087140,0
2023-12-04 00:00,1.087150,1.088070,1.080400,1.084400,0
2023-12-05 00:00,1.084400,1.084740,1.077810,1.079430,0
2023-12-06 00:00,1.079420,1.080470,1.075800,1.076030,0
2023-12-07 00:00,1.076040,1.081750,1.075520,1.078290,0
2023-12-08 00:00,1.078280,1.079110,1.072360,1.075920,0
2023-12-10 00:00,1.075920,1.077390,1.075560,1.076300,0
2023-12-11 00:00,1.076290,1.077890,1.074150,1.076510,0
2023-12-12 00:00,1.076540,1.082790,1.076530,1.078620,0
2023-12-13 00:00,1.078640,1.091530,1.077310,1.089930,0
2023-12-14 00:00,1.089930,1.100920,1.088000,1.099800,0
2023-12-15 00:00,1.099800,1.099920,1.088850,1.089220,0
2023-12-17 00:00,1.089730,1.091360,1.089200,1.091280,0
2023-12-18 00:00,1.091300,1.093110,1.090710,1.092300,0
2023-12-19 00:00,1.092290,1.098730,1.092070,1.096860,0
2023-12-20 00:00,1.096860,1.097560,1.092980,1.094910,0
2023-12-21 00:00,1.094920,1.101250,1.093520,1.100040,0
2023-12-22 00:00,1.100030,1.104010,1.099380,1.101350,0
2023-12-24 00:00,1.101080,1.101590,1.099330,1.100250,0
2023-12-25 00:00,1.100250,1.102860,1.099740,1.102240,0
2023-12-26 00:00,1.102230,1.104500,1.100850,1.104160,0
2023-12-27 00:00,1.104160,1.112260,1.103640,1.111020,0
2023-12-28 00:00,1.111010,1.113940,1.105520,1.106660,0
2023-12-29 00:00,1.106660,1.108060,1.103390,1.103610,0
2024-01-01 00:00,1.104270,1.104470,1.101650,1.102080,0
2024-01-02 00:00,1.102080,1.103870,1.093750,1.096220,0
2024-01-03 00:00,1.096230,1.096540,1.089290,1.092580,0
2024-01-04 00:00,1.092590,1.097210,1.092080,1.093710,0
2024-01-05 00:00,1.093710,1.099840,1.087670,1.093920,0
2024-01-07 00:00,1.093860,1.095300,1.093060,1.093400,0
2024-01-08 00:00,1.093420,1.097880,1.092260,1.095610,0
2024-01-09 00:00,1.095600,1.096290,1.091030,1.093210,0
2024-01-10 00:00,1.093210,1.098470,1.092280,1.097770,0
2024-01-11 00:00,1.097750,1.100000,1.093020,1.097550,0
2024-01-12 00:00,1.097560,1.098680,1.093590,1.094830,0
2024-01-14 00:00,1.094800,1.096750,1.094070,1.096280,0
2024-01-15 00:00,1.096290,1.096660,1.091340,1.091750,0
2024-01-16 00:00,1.091750,1.092650,1.086200,1.087090,0
2024-01-17 00:00,1.087090,1.090280,1.084450,1.089410,0
2024-01-18 00:00,1.089400,1.090670,1.084660,1.088640,0
2024-01-19 00:00,1.088650,1.089830,1.086560,1.089600,0
2024-01-21 00:00,1.089060,1.090910,1.088780,1.090280,0
2024-01-22 00:00,1.090290,1.090940,1.087560,1.089830,0
2024-01-23 00:00,1.089840,1.091620,1.082150,1.086450,0
2024-01-24 00:00,1.086440,1.093230,1.085920,1.087540,0
2024-01-25 00:00,1.087540,1.090180,1.082160,1.083950,0
2024-01-26 00:00,1.083950,1.088540,1.081280,1.085040,0
2024-01-28 00:00,1.084680,1.084900,1.083930,1.084480,0
2024-01-29 00:00,1.084460,1.085000,1.079580,1.082530,0
2024-01-30 00:00,1.082510,1.085730,1.081190,1.082050,0
2024-01-31 00:00,1.082030,1.088740,1.079490,1.080760,0
2024-02-01 00:00,1.080760,1.087960,1.077990,1.087300,0
2024-02-02 00:00,1.087300,1.089740,1.078040,1.078490,0
2024-02-04 00:00,1.078540,1.078580,1.076730,1.077880,0
2024-02-05 00:00,1.077880,1.078610,1.072310,1.074890,0
2024-02-06 00:00,1.074900,1.076650,1.072250,1.075900,0
2024-02-07 00:00,1.075890,1.078830,1.075560,1.077990,0
2024-02-08 00:00,1.077970,1.078890,1.074160,1.077110,0
2024-02-09 00:00,1.077100,1.079510,1.076210,1.078210,0
2024-02-11 00:00,1.077670,1.079970,1.077660,1.079040,0
2024-02-12 00:00,1.079030,1.080550,1.075590,1.076370,0
2024-02-13 00:00,1.076350,1.079850,1.070050,1.071430,0
2024-02-14 00:00,1.071440,1.073540,1.069490,1.072590,0
2024-02-15 00:00,1.072600,1.078470,1.072600,1.075930,0
2024-02-16 00:00,1.075910,1.078740,1.073190,1.077490,0
2024-02-18 00:00,1.077180,1.078890,1.077180,1.077780,0
2024-02-19 00:00,1.077790,1.078940,1.076150,1.076890,0
2024-02-20 00:00,1.076900,1.083870,1.076510,1.081410,0
2024-02-21 00:00,1.081410,1.083210,1.078990,1.083030,0
2024-02-22 00:00,1.083020,1.088820,1.080260,1.082540,0
2024-02-23 00:00,1.082530,1.083950,1.081170,1.081740,0
2024-02-25 00:00,1.083180,1.083220,1.081260,1.082110,0
2024-02-26 00:00,1.082100,1.085970,1.081880,1.085340,0
2024-02-27 00:00,1.085330,1.086590,1.083180,1.083230,0
2024-02-28 00:00,1.083220,1.084580,1.079660,1.083630,0
2024-02-29 00:00,1.083630,1.085580,1.079580,1.081350,0
2024-03-01 00:00,1.081350,1.084320,1.079810,1.083680,0
2024-03-03 00:00,1.083590,1.084800,1.083500,1.084360,0
2024-03-04 00:00,1.084350,1.086670,1.083770,1.085050,0
2024-03-05 00:00,1.085040,1.087600,1.084030,1.085160,0
2024-03-06 00:00,1.085160,1.091530,1.085160,1.090350,0
2024-03-07 00:00,1.090340,1.095560,1.086780,1.094560,0
2024-03-08 00:00,1.094560,1.098120,1.091830,1.093480,0
2024-03-10 00:00,1.094110,1.094650,1.093590,1.093860,0
2024-03-11 00:00,1.093860,1.094800,1.091450,1.093680,0
2024-03-12 00:00,1.093690,1.094380,1.090230,1.092340,0
2024-03-13 00:00,1.092330,1.096380,1.092010,1.094240,0
2024-03-14 00:00,1.094240,1.094540,1.087300,1.087630,0
2024-03-15 00:00,1.087630,1.089960,1.087320,1.088690,0
2024-03-17 00:00,1.089050,1.089170,1.088050,1.088750,0
2024-03-18 00:00,1.088750,1.090610,1.086610,1.087060,0
2024-03-19 00:00,1.087060,1.087210,1.083470,1.086650,0
2024-03-20 00:00,1.086660,1.093890,1.083640,1.093310,0
2024-03-21 00:00,1.093310,1.094260,1.083110,1.083320,0
2024-03-22 00:00,1.083320,1.084190,1.080170,1.080650,0
2024-03-24 00:00,1.080680,1.082200,1.080210,1.081310,0
2024-03-25 00:00,1.081310,1.084540,1.080710,1.084010,0
2024-03-26 00:00,1.084000,1.086430,1.082050,1.082980,0
2024-03-27 00:00,1.082980,1.083900,1.080800,1.082340,0
2024-03-28 00:00,1.082350,1.082650,1.077360,1.077660,0
2024-03-29 00:00,1.077650,1.080510,1.076780,1.078980,0
2024-03-31 00:00,1.078820,1.079870,1.078470,1.079030,0
2024-04-01 00:00,1.079020,1.079210,1.072950,1.073000,0
2024-04-02 00:00,1.073020,1.077930,1.072460,1.077720,0
2024-04-03 00:00,1.077730,1.084440,1.076400,1.084250,0
2024-04-04 00:00,1.084250,1.087650,1.082330,1.082670,0
2024-04-05 00:00,1.082660,1.084790,1.079130,1.083520,0
2024-04-07 00:00,1.083470,1.084320,1.082300,1.083330,0
2024-04-08 00:00,1.083340,1.086350,1.082080,1.085530,0
2024-04-09 00:00,1.085540,1.088500,1.084770,1.085290,0
2024-04-10 00:00,1.085300,1.086650,1.072880,1.074460,0
2024-04-11 00:00,1.074460,1.075640,1.069920,1.071700,0
2024-04-12 00:00,1.071710,1.071740,1.062260,1.063850,0
2024-04-14 00:00,1.063520,1.065490,1.063090,1.065190,0
2024-04-15 00:00,1.065190,1.066510,1.060610,1.061130,0
2024-04-16 00:00,1.061140,1.065350,1.060100,1.062710,0
2024-04-17 00:00,1.062720,1.068020,1.060600,1.067990,0
2024-04-18 00:00,1.067990,1.069000,1.061040,1.063710,0
2024-04-19 00:00,1.063720,1.067750,1.062700,1.065260,0
2024-04-21 00:00,1.064950,1.067060,1.064560,1.066170,0
2024-04-22 00:00,1.066170,1.066910,1.062390,1.065610,0
2024-04-23 00:00,1.065610,1.071420,1.063850,1.070620,0
2024-04-24 00:00,1.070620,1.070880,1.067790,1.070580,0
2024-04-25 00:00,1.070580,1.074020,1.067830,1.072310,0
2024-04-26 00:00,1.072310,1.075270,1.067380,1.069110,0
2024-04-28 00:00,1.068980,1.071990,1.068980,1.071620,0
2024-04-29 00:00,1.071610,1.073370,1.069020,1.070540,0
2024-04-30 00:00,1.070550,1.073530,1.065580,1.065640,0
2024-05-01 00:00,1.065650,1.073260,1.064940,1.071460,0
2024-05-02 00:00,1.071470,1.073930,1.067420,1.073480,0
2024-05-03 00:00,1.073490,1.081240,1.072440,1.075940,0
2024-05-05 00:00,1.076000,1.077150,1.075530,1.076480,0
2024-05-06 00:00,1.076470,1.079070,1.075760,1.076870,0
2024-05-07 00:00,1.076870,1.078730,1.073800,1.074110,0
2024-05-08 00:00,1.074110,1.075740,1.073500,1.074760,0
2024-05-09 00:00,1.074770,1.078580,1.072390,1.077600,0
2024-05-10 00:00,1.077610,1.079000,1.076030,1.076940,0
2024-05-12 00:00,1.077210,1.077520,1.076580,1.077160,0
2024-05-13 00:00,1.077150,1.080680,1.076870,1.078760,0
2024-05-14 00:00,1.078760,1.082770,1.076690,1.082610,0
2024-05-15 00:00,1.082610,1.089490,1.082050,1.088720,0
2024-05-16 00:00,1.088720,1.088720,1.085430,1.085900,0
2024-05-17 00:00,1.085880,1.087840,1.083560,1.086740,0
2024-05-19 00:00,1.086640,1.087860,1.086400,1.087790,0
2024-05-20 00:00,1.087800,1.088440,1.085090,1.085590,0
2024-05-21 00:00,1.085570,1.087470,1.084250,1.085560,0
2024-05-22 00:00,1.085570,1.086330,1.081740,1.083030,0
2024-05-23 00:00,1.083020,1.086100,1.080480,1.080630,0
2024-05-24 00:00,1.080630,1.085780,1.080540,1.084600,0
2024-05-26 00:00,1.084500,1.085190,1.084300,1.084900,0
2024-05-27 00:00,1.084920,1.087850,1.084050,1.087840,0
2024-05-28 00:00,1.087840,1.088900,1.084570,1.084710,0
2024-05-29 00:00,1.084700,1.085880,1.079380,1.079790,0
2024-05-30 00:00,1.079790,1.084510,1.078830,1.081910,0
2024-05-31 00:00,1.081930,1.088220,1.081450,1.084500,0
2024-06-02 00:00,1.084620,1.085870,1.084530,1.084970,0
2024-06-03 00:00,1.084970,1.091600,1.082780,1.090740,0
2024-06-04 00:00,1.090740,1.091080,1.085900,1.087840,0
2024-06-05 00:00,1.087830,1.089570,1.085440,1.089060,0
2024-06-06 00:00,1.089060,1.090200,1.086190,1.089450,0
2024-06-07 00:00,1.089440,1.090180,1.079930,1.080170,0
2024-06-09 00:00,1.077830,1.078140,1.075540,1.075550,0
2024-06-10 00:00,1.075540,1.076900,1.073270,1.076850,0
2024-06-11 00:00,1.076830,1.077340,1.071940,1.074020,0
2024-06-12 00:00,1.074010,1.085210,1.073550,1.080680,0
2024-06-13 00:00,1.080680,1.081630,1.073280,1.074010,0
2024-06-14 00:00,1.074010,1.074090,1.066760,1.070250,0
2024-06-16 00:00,1.070280,1.070890,1.069890,1.070360,0
2024-06-17 00:00,1.070370,1.074100,1.068630,1.072460,0
2024-06-18 00:00,1.072460,1.076150,1.070990,1.073770,0
2024-06-19 00:00,1.073770,1.075330,1.072480,1.074190,0
2024-06-20 00:00,1.074190,1.074490,1.070120,1.071620,0
2024-06-21 00:00,1.071620,1.072050,1.067100,1.069180,0
2024-06-23 00:00,1.068490,1.069550,1.068370,1.069160,0
2024-06-24 00:00,1.069160,1.074630,1.069140,1.073850,0
2024-06-25 00:00,1.073850,1.074410,1.069060,1.071100,0
2024-06-26 00:00,1.071090,1.071150,1.066600,1.069080,0
2024-06-27 00:00,1.069070,1.072640,1.068050,1.069210,0
2024-06-28 00:00,1.069210,1.072460,1.068560,1.071190,0
2024-06-30 00:00,1.074380,1.076150,1.073200,1.075280,0
2024-07-01 00:00,1.075270,1.077630,1.071970,1.073220,0
2024-07-02 00:00,1.073230,1.075420,1.071000,1.074350,0
2024-07-03 00:00,1.074340,1.081680,1.073630,1.078520,0
2024-07-04 00:00,1.078520,1.082450,1.078470,1.082180,0
2024-07-05 00:00,1.082160,1.084260,1.079930,1.083700,0
2024-07-07 00:00,1.080140,1.083630,1.079980,1.083140,0
2024-07-08 00:00,1.083140,1.084500,1.081460,1.082810,0
2024-07-09 00:00,1.082830,1.083110,1.080540,1.081990,0
2024-07-10 00:00,1.082000,1.084000,1.081180,1.083790,0
2024-07-11 00:00,1.083790,1.089990,1.083220,1.086870,0
2024-07-12 00:00,1.086860,1.091130,1.086170,1.090540,0
2024-07-14 00:00,1.088520,1.089560,1.088180,1.089400,0
2024-07-15 00:00,1.089400,1.092220,1.088370,1.089300,0
2024-07-16 00:00,1.089290,1.090680,1.087150,1.090610,0
2024-07-17 00:00,1.090620,1.094800,1.089500,1.093280,0
2024-07-18 00:00,1.093290,1.093880,1.088630,1.088830,0
2024-07-19 00:00,1.088830,1.089410,1.087560,1.087790,0
2024-07-21 00:00,1.088610,1.090270,1.088070,1.089150,0
2024-07-22 00:00,1.089160,1.089670,1.087300,1.089410,0
2024-07-23 00:00,1.089410,1.089470,1.084160,1.084500,0
2024-07-24 00:00,1.084510,1.086640,1.082560,1.084270,0
2024-07-25 00:00,1.084270,1.086990,1.082820,1.085830,0
2024-07-26 00:00,1.085820,1.086810,1.084200,1.085470,0
2024-07-28 00:00,1.085530,1.087000,1.085080,1.086220,0
2024-07-29 00:00,1.086230,1.086370,1.080280,1.082210,0
2024-07-30 00:00,1.082200,1.083560,1.079820,1.082200,0
2024-07-31 00:00,1.082200,1.084930,1.080190,1.083280,0
2024-08-01 00:00,1.083280,1.083540,1.077740,1.079300,0
2024-08-02 00:00,1.079310,1.092650,1.078610,1.090980,0
2024-08-04 00:00,1.092250,1.093110,1.090280,1.093050,0
2024-08-05 00:00,1.093050,1.100880,1.089230,1.095400,0
2024-08-06 00:00,1.095410,1.095580,1.090370,1.091570,0
2024-08-07 00:00,1.091570,1.093660,1.090530,1.093480,0
2024-08-08 00:00,1.093480,1.094510,1.088140,1.092280,0
2024-08-09 00:00,1.092280,1.093130,1.090900,1.091670,0
2024-08-11 00:00,1.091420,1.092300,1.091000,1.091400,0
2024-08-12 00:00,1.091380,1.093930,1.091360,1.093690,0
2024-08-13 00:00,1.093690,1.099960,1.091370,1.099000,0
2024-08-14 00:00,1.099000,1.104730,1.098630,1.100800,0
2024-08-15 00:00,1.100820,1.101540,1.094950,1.097700,0
2024-08-16 00:00,1.097710,1.102960,1.097600,1.102110,0
2024-08-18 00:00,1.102650,1.104030,1.102270,1.103890,0
2024-08-19 00:00,1.103900,1.108750,1.103010,1.107550,0
2024-08-20 00:00,1.107560,1.113250,1.107190,1.112100,0
2024-08-21 00:00,1.112100,1.117400,1.109920,1.114460,0
2024-08-22 00:00,1.114460,1.116460,1.109800,1.112470,0
2024-08-23 00:00,1.112480,1.120080,1.110550,1.119100,0
2024-08-25 00:00,1.118540,1.120150,1.118150,1.118340,0
2024-08-26 00:00,1.118340,1.118920,1.115000,1.116670,0
2024-08-27 00:00,1.116670,1.119050,1.115010,1.116570,0
2024-08-28 00:00,1.116570,1.116790,1.110500,1.113560,0
2024-08-29 00:00,1.113570,1.113990,1.105560,1.107370,0
2024-08-30 00:00,1.107360,1.109500,1.104380,1.104560,0
2024-09-01 00:00,1.104620,1.105560,1.104190,1.104840,0
2024-09-02 00:00,1.104850,1.107730,1.104390,1.105790,0
2024-09-03 00:00,1.105790,1.106900,1.102630,1.105400,0
2024-09-04 00:00,1.105380,1.109510,1.104000,1.107690,0
2024-09-05 00:00,1.107690,1.111970,1.107460,1.111510,0
2024-09-06 00:00,1.111510,1.115560,1.106560,1.108250,0
2024-09-08 00:00,1.107810,1.109100,1.107810,1.107990,0
2024-09-09 00:00,1.107980,1.108020,1.102830,1.103840,0
2024-09-10 00:00,1.103840,1.104960,1.101510,1.103850,0
2024-09-11 00:00,1.103860,1.105490,1.100190,1.101360,0
2024-09-12 00:00,1.101360,1.109020,1.100550,1.108690,0
2024-09-13 00:00,1.108700,1.110170,1.107210,1.107320,0
2024-09-15 00:00,1.107570,1.110490,1.107430,1.110400,0
2024-09-16 00:00,1.110400,1.113740,1.109560,1.112390,0
2024-09-17 00:00,1.112400,1.114610,1.111090,1.112620,0
2024-09-18 00:00,1.112620,1.118910,1.106830,1.111850,0
2024-09-19 00:00,1.111850,1.117870,1.111490,1.116560,0
2024-09-20 00:00,1.116570,1.118180,1.113600,1.116260,0
2024-09-22 00:00,1.115800,1.116480,1.115580,1.116150,0
2024-09-23 00:00,1.116150,1.116720,1.108310,1.111260,0
2024-09-24 00:00,1.111250,1.119870,1.110420,1.119800,0
2024-09-25 00:00,1.119800,1.121400,1.112150,1.114050,0
2024-09-26 00:00,1.114040,1.118930,1.112570,1.116900,0
2024-09-27 00:00,1.116890,1.120300,1.112480,1.116190,0
2024-09-29 00:00,1.115820,1.117390,1.115260,1.115810,0
2024-09-30 00:00,1.115820,1.120890,1.111360,1.113770,0
2024-10-01 00:00,1.113770,1.114390,1.104580,1.107060,0
2024-10-02 00:00,1.107060,1.108280,1.103200,1.103570,0
2024-10-03 00:00,1.103560,1.104680,1.100820,1.102700,0
2024-10-04 00:00,1.102700,1.103670,1.095120,1.097390,0
2024-10-06 00:00,1.096200,1.097750,1.096200,1.097190,0
2024-10-07 00:00,1.097200,1.098680,1.095420,1.098320,0
2024-10-08 00:00,1.098320,1.099710,1.096080,1.096780,0
2024-10-09 00:00,1.096780,1.097600,1.093620,1.094350,0
2024-10-10 00:00,1.094350,1.095480,1.090000,1.093950,0
2024-10-11 00:00,1.093950,1.095370,1.092600,1.093530,0
2024-10-13 00:00,1.093100,1.093350,1.091530,1.092560,0
2024-10-14 00:00,1.092550,1.093660,1.088810,1.089640,0
2024-10-15 00:00,1.089640,1.091670,1.088190,1.089090,0
2024-10-16 00:00,1.089080,1.090140,1.085120,1.085300,0
2024-10-17 00:00,1.085300,1.087370,1.081100,1.083850,0
2024-10-18 00:00,1.083860,1.086940,1.083410,1.086550,0
2024-10-20 00:00,1.086050,1.087170,1.086050,1.086620,0
2024-10-21 00:00,1.086620,1.086620,1.081110,1.081900,0
2024-10-22 00:00,1.081900,1.083800,1.079220,1.080210,0
2024-10-23 00:00,1.080220,1.080660,1.076120,1.078680,0
2024-10-24 00:00,1.078680,1.082980,1.077060,1.082170,0
2024-10-25 00:00,1.082160,1.083920,1.079300,1.079450,0
2024-10-27 00:00,1.079380,1.080150,1.078200,1.078760,0
2024-10-28 00:00,1.078760,1.082760,1.078190,1.080860,0
2024-10-29 00:00,1.080870,1.082630,1.076880,1.081650,0
2024-10-30 00:00,1.081660,1.087130,1.080790,1.084780,0
2024-10-31 00:00,1.084770,1.088850,1.084610,1.087700,0
2024-11-01 00:00,1.087710,1.090570,1.083170,1.083270,0
2024-11-03 00:00,1.087780,1.090490,1.086990,1.089740,0
2024-11-04 00:00,1.089730,1.091470,1.087240,1.087520,0
2024-11-05 00:00,1.087520,1.093690,1.071900,1.077750,0
2024-11-06 00:00,1.077740,1.079440,1.068240,1.073770,0
2024-11-07 00:00,1.073780,1.082470,1.073740,1.078280,0
2024-11-08 00:00,1.078280,1.079740,1.068680,1.071820,0
2024-11-10 00:00,1.070930,1.072770,1.070750,1.071380,0
2024-11-11 00:00,1.071410,1.072210,1.062860,1.064400,0
2024-11-12 00:00,1.064400,1.064570,1.059510,1.061770,0
2024-11-13 00:00,1.061780,1.065400,1.054510,1.054840,0
2024-11-14 00:00,1.054850,1.058250,1.049600,1.054250,0
2024-11-15 00:00,1.054250,1.059300,1.051630,1.053940,0
2024-11-17 00:00,1.052800,1.055050,1.052800,1.054070,0
2024-11-18 00:00,1.054060,1.060710,1.053250,1.058700,0
2024-11-19 00:00,1.058700,1.060970,1.052330,1.059290,0
2024-11-20 00:00,1.059290,1.059540,1.050680,1.055120,0
2024-11-21 00:00,1.055130,1.055440,1.046220,1.047470,0
2024-11-22 00:00,1.047450,1.049810,1.033250,1.041930,0
2024-11-24 00:00,1.048060,1.050130,1.046180,1.047910,0
2024-11-25 00:00,1.047920,1.053030,1.042500,1.047970,0
2024-11-26 00:00,1.047950,1.054470,1.045710,1.047860,0
2024-11-27 00:00,1.047850,1.058760,1.047440,1.055460,0
2024-11-28 00:00,1.055470,1.057670,1.052750,1.056990,0
2024-11-29 00:00,1.056980,1.059710,1.054140,1.057480,0
2024-12-01 00:00,1.057110,1.057330,1.051890,1.052330,0
2024-12-02 00:00,1.052330,1.053820,1.046070,1.048530,0
2024-12-03 00:00,1.048540,1.053500,1.048070,1.051070,0
2024-12-04 00:00,1.051070,1.054390,1.047230,1.051820,0
2024-12-05 00:00,1.051810,1.058960,1.051710,1.057520,0
2024-12-06 00:00,1.057530,1.062980,1.054230,1.056730,0
2024-12-08 00:00,1.055440,1.056920,1.053200,1.053460,0
2024-12-09 00:00,1.053470,1.059440,1.053370,1.055750,0
2024-12-10 00:00,1.055740,1.056800,1.049840,1.052450,0
2024-12-11 00:00,1.052450,1.053730,1.048020,1.050890,0
2024-12-12 00:00,1.050900,1.053080,1.045620,1.046340,0
2024-12-13 00:00,1.046360,1.052410,1.045310,1.050170,0
2024-12-15 00:00,1.048540,1.052280,1.048470,1.051590,0
2024-12-16 00:00,1.051590,1.053430,1.047450,1.050810,0
2024-12-17 00:00,1.050810,1.051590,1.047900,1.050300,0
2024-12-18 00:00,1.050290,1.051270,1.034390,1.037890,0
2024-12-19 00:00,1.037890,1.042220,1.035450,1.035870,0
2024-12-20 00:00,1.035870,1.044740,1.034290,1.042540,0
2024-12-22 00:00,1.043080,1.044520,1.042680,1.044290,0
2024-12-23 00:00,1.044290,1.044430,1.038420,1.039630,0
2024-12-24 00:00,1.039670,1.041060,1.038350,1.040580,0
2024-12-25 00:00,1.040370,1.040830,1.039300,1.039770,0
2024-12-26 00:00,1.039760,1.043010,1.039050,1.040900,0
2024-12-27 00:00,1.040900,1.044400,1.040490,1.042250,0
2024-12-29 00:00,1.042470,1.043460,1.042080,1.042530,0
2024-12-30 00:00,1.042520,1.045830,1.037170,1.040410,0
2024-12-31 00:00,1.040420,1.042430,1.034400,1.035310,0
2025-01-01 00:00,1.035030,1.037560,1.034420,1.036920,0
2025-01-02 00:00,1.036930,1.037230,1.022370,1.026950,0
2025-01-03 00:00,1.026960,1.030990,1.026460,1.030660,0
2025-01-05 00:00,1.030150,1.031820,1.029320,1.031510,0
2025-01-06 00:00,1.031510,1.043670,1.030760,1.039170,0
2025-01-07 00:00,1.039180,1.043430,1.033880,1.035120,0
2025-01-08 00:00,1.035120,1.035750,1.027310,1.030900,0
2025-01-09 00:00,1.030890,1.031900,1.028360,1.029500,0
2025-01-10 00:00,1.029500,1.031180,1.021270,1.024000,0
2025-01-12 00:00,1.023570,1.024990,1.020760,1.021170,0
2025-01-13 00:00,1.021160,1.027740,1.017720,1.025020,0
2025-01-14 00:00,1.025010,1.030860,1.023940,1.030230,0
2025-01-15 00:00,1.030220,1.035440,1.025900,1.028690,0
2025-01-16 00:00,1.028700,1.031490,1.026040,1.029360,0
2025-01-17 00:00,1.029370,1.033060,1.026520,1.027100,0
2025-01-19 00:00,1.027920,1.030710,1.026630,1.030420,0
2025-01-20 00:00,1.030430,1.043430,1.029940,1.038970,0
2025-01-21 00:00,1.038970,1.043530,1.034200,1.041710,0
2025-01-22 00:00,1.041700,1.045730,1.039670,1.041070,0
2025-01-23 00:00,1.041070,1.045370,1.037190,1.044720,0
2025-01-24 00:00,1.044710,1.052130,1.044360,1.049190,0
2025-01-26 00:00,1.047630,1.048510,1.045880,1.046320,0
2025-01-27 00:00,1.046320,1.053300,1.042440,1.043350,0
2025-01-28 00:00,1.043350,1.044420,1.041370,1.043840,0
2025-01-29 00:00,1.043830,1.044340,1.038220,1.041890,0
2025-01-30 00:00,1.041880,1.046770,1.037680,1.038730,0
2025-01-31 00:00,1.038720,1.043400,1.034960,1.035760,0
2025-02-02 00:00,1.023270,1.026980,1.021030,1.022640,0
2025-02-03 00:00,1.022660,1.035030,1.021260,1.030570,0
2025-02-04 00:00,1.030560,1.038740,1.027210,1.037840,0
2025-02-05 00:00,1.037840,1.044240,1.037320,1.038690,0
2025-02-06 00:00,1.038680,1.039640,1.035230,1.038100,0
2025-02-07 00:00,1.038090,1.041240,1.030490,1.032600,0
2025-02-09 00:00,1.029180,1.031830,1.028390,1.031320,0
2025-02-10 00:00,1.031340,1.033630,1.029190,1.030400,0
2025-02-11 00:00,1.030410,1.038130,1.029980,1.035610,0
2025-02-12 00:00,1.035610,1.043530,1.031680,1.043440,0
2025-02-13 00:00,1.043450,1.046850,1.037270,1.045470,0
2025-02-14 00:00,1.045480,1.051400,1.044700,1.049130,0
2025-02-16 00:00,1.048580,1.050620,1.048470,1.049540,0
2025-02-17 00:00,1.049560,1.049810,1.045520,1.045700,0
2025-02-18 00:00,1.045700,1.046920,1.043500,1.045230,0
2025-02-19 00:00,1.045220,1.046130,1.040090,1.043020,0
2025-02-20 00:00,1.043000,1.050540,1.042330,1.049880,0
2025-02-21 00:00,1.049880,1.050050,1.044920,1.045700,0
2025-02-23 00:00,1.047060,1.052820,1.046180,1.051540,0
2025-02-24 00:00,1.051520,1.051960,1.045270,1.047300,0
2025-02-25 00:00,1.047310,1.052500,1.045600,1.049710,0
2025-02-26 00:00,1.049700,1.052870,1.045890,1.046260,0
2025-02-27 00:00,1.046280,1.048930,1.038020,1.038640,0
2025-02-28 00:00,1.038660,1.041980,1.035970,1.037450,0
2025-03-02 00:00,1.040320,1.042310,1.039920,1.041770,0
2025-03-03 00:00,1.041750,1.050360,1.038830,1.047780,0
2025-03-04 00:00,1.047780,1.063690,1.047080,1.061890,0
2025-03-05 00:00,1.061880,1.082000,1.061860,1.080330,0
2025-03-06 00:00,1.080350,1.085340,1.076550,1.081280,0
2025-03-07 00:00,1.081280,1.088840,1.080750,1.082920,0
2025-03-09 00:00,1.083120,1.087110,1.082690,1.083060,0
2025-03-10 00:00,1.083030,1.087440,1.080510,1.085430,0
2025-03-11 00:00,1.085430,1.094710,1.083540,1.089880,0
2025-03-12 00:00,1.089870,1.093140,1.087550,1.089330,0
2025-03-13 00:00,1.089330,1.089330,1.082220,1.084070,0
2025-03-14 00:00,1.084080,1.091250,1.083040,1.087650,0
2025-03-16 00:00,1.087660,1.089360,1.087410,1.088180,0
2025-03-17 00:00,1.088200,1.092970,1.086850,1.091080,0
2025-03-18 00:00,1.091060,1.095450,1.089240,1.092980,0
2025-03-19 00:00,1.092960,1.093600,1.086030,1.090310,0
2025-03-20 00:00,1.090320,1.090320,1.081450,1.083010,0
2025-03-21 00:00,1.083000,1.086110,1.079700,1.081210,0
2025-03-23 00:00,1.081300,1.083980,1.081150,1.082270,0
2025-03-24 00:00,1.082250,1.085790,1.078130,1.080320,0
2025-03-25 00:00,1.080310,1.083000,1.077670,1.078410,0
2025-03-26 00:00,1.078390,1.080250,1.073280,1.078030,0
2025-03-27 00:00,1.078020,1.082100,1.075400,1.078840,0
2025-03-28 00:00,1.078840,1.084470,1.076440,1.082370,0
2025-03-30 00:00,1.082280,1.084580,1.080490,1.083270,0
2025-03-31 00:00,1.083280,1.084920,1.078380,1.082660,0
2025-04-01 00:00,1.082660,1.082990,1.077820,1.079550,0
2025-04-02 00:00,1.079550,1.092440,1.078000,1.091470,0
2025-04-03 00:00,1.091480,1.114620,1.090530,1.109330,0
2025-04-04 00:00,1.109320,1.110760,1.092420,1.095730,0
2025-04-06 00:00,1.088940,1.100060,1.087920,1.095020,0
2025-04-07 00:00,1.095010,1.104980,1.090070,1.096330,0
2025-04-08 00:00,1.096320,1.103970,1.088860,1.101930,0
2025-04-09 00:00,1.101920,1.109480,1.091320,1.098140,0
2025-04-10 00:00,1.098130,1.138520,1.096240,1.134070,0
2025-04-11 00:00,1.134060,1.147360,1.124660,1.135540,0
2025-04-13 00:00,1.131080,1.140870,1.131080,1.137140,0
2025-04-14 00:00,1.137210,1.142440,1.129560,1.134740,0
2025-04-15 00:00,1.134700,1.137890,1.126390,1.134300,0
2025-04-16 00:00,1.134310,1.141270,1.133260,1.136400,0
2025-04-17 00:00,1.136390,1.138840,1.133490,1.137330,0
2025-04-18 00:00,1.137310,1.139720,1.135780,1.139010,0
2025-04-20 00:00,1.139460,1.153190,1.139250,1.151480,0
2025-04-21 00:00,1.151490,1.157290,1.148150,1.153460,0
2025-04-22 00:00,1.153480,1.154700,1.130770,1.137890,0
2025-04-23 00:00,1.137880,1.143990,1.131020,1.133790,0
2025-04-24 00:00,1.133800,1.139750,1.132490,1.132580,0
2025-04-25 00:00,1.132600,1.138850,1.131550,1.136280,0
2025-04-27 00:00,1.136360,1.136640,1.133980,1.135610,0
2025-04-28 00:00,1.135560,1.142480,1.132920,1.139030,0
2025-04-29 00:00,1.139040,1.141860,1.135470,1.136850,0
2025-04-30 00:00,1.136850,1.139940,1.129970,1.131120,0
2025-05-01 00:00,1.131190,1.134090,1.126570,1.131260,0
2025-05-02 00:00,1.131270,1.138080,1.129220,1.129460,0
2025-05-04 00:00,1.129870,1.134660,1.129050,1.133210,0
2025-05-05 00:00,1.133210,1.136460,1.127970,1.131490,0
2025-05-06 00:00,1.131480,1.138080,1.130510,1.134550,0
2025-05-07 00:00,1.134560,1.137800,1.129170,1.132700,0
2025-05-08 00:00,1.132710,1.133080,1.119640,1.122230,0
2025-05-09 00:00,1.122260,1.129280,1.121800,1.124600,0
2025-05-11 00:00,1.119000,1.124260,1.119000,1.123280,0
2025-05-12 00:00,1.123270,1.123550,1.106510,1.111610,0
2025-05-13 00:00,1.111630,1.119760,1.109680,1.119520,0
2025-05-14 00:00,1.119520,1.126550,1.116450,1.119650,0
2025-05-15 00:00,1.119650,1.122790,1.117000,1.120020,0
2025-05-16 00:00,1.120040,1.121950,1.113080,1.116120,0
2025-05-18 00:00,1.117490,1.119880,1.117110,1.118100,0
2025-05-19 00:00,1.118090,1.128790,1.117610,1.124490,0
2025-05-20 00:00,1.124480,1.133980,1.122350,1.133400,0
2025-05-21 00:00,1.133390,1.136280,1.131070,1.133300,0
2025-05-22 00:00,1.133300,1.134170,1.125580,1.131120,0
2025-05-23 00:00,1.131120,1.137540,1.129730,1.135920,0
2025-05-25 00:00,1.136170,1.141850,1.135850,1.141140,0
2025-05-26 00:00,1.141140,1.141830,1.136880,1.139340,0
2025-05-27 00:00,1.139350,1.139770,1.130040,1.130720,0
2025-05-28 00:00,1.130720,1.134060,1.121030,1.124840,0
2025-05-29 00:00,1.124840,1.138970,1.123090,1.134940,0
2025-05-30 00:00,1.134960,1.136690,1.131230,1.134590,0
2025-06-01 00:00,1.134390,1.138190,1.134350,1.136160,0
2025-06-02 00:00,1.136170,1.145440,1.135960,1.141960,0
2025-06-03 00:00,1.141960,1.143220,1.136390,1.136760,0
2025-06-04 00:00,1.136770,1.143470,1.135680,1.141040,0
2025-06-05 00:00,1.141030,1.149480,1.140450,1.144010,0
2025-06-06 00:00,1.144000,1.144240,1.137150,1.139350,0
2025-06-08 00:00,1.139520,1.142530,1.139030,1.141190,0
2025-06-09 00:00,1.141180,1.143910,1.138590,1.140290,0
2025-06-10 00:00,1.140290,1.144750,1.137290,1.141610,0
2025-06-11 00:00,1.141620,1.152910,1.140520,1.151960,0
2025-06-12 00:00,1.151960,1.163110,1.150560,1.153700,0
2025-06-13 00:00,1.153710,1.156940,1.148900,1.154570,0
2025-06-15 00:00,1.153090,1.154690,1.152380,1.152720,0
2025-06-16 00:00,1.152730,1.161470,1.152730,1.156190,0
2025-06-17 00:00,1.156200,1.157960,1.147430,1.149970,0
2025-06-18 00:00,1.150000,1.153000,1.145020,1.146570,0
2025-06-19 00:00,1.146600,1.153020,1.144610,1.152930,0
2025-06-20 00:00,1.152920,1.154390,1.149500,1.151890,0
2025-06-22 00:00,1.146020,1.150730,1.145440,1.149390,0
2025-06-23 00:00,1.149370,1.160960,1.145330,1.160560,0
2025-06-24 00:00,1.160560,1.164170,1.157980,1.161160,0
2025-06-25 00:00,1.161170,1.171740,1.158980,1.169450,0
2025-06-26 00:00,1.169450,1.174490,1.167160,1.169590,0
2025-06-27 00:00,1.169580,1.175390,1.168370,1.171620,0
2025-06-29 00:00,1.172870,1.173850,1.171150,1.171210,0
2025-06-30 00:00,1.171230,1.180760,1.170750,1.178910,0
2025-07-01 00:00,1.178940,1.182980,1.176110,1.180020,0
2025-07-02 00:00,1.180010,1.181000,1.174670,1.179160,0
2025-07-03 00:00,1.179140,1.180990,1.171690,1.177010,0
2025-07-04 00:00,1.177000,1.178730,1.176360,1.177190,0
2025-07-06 00:00,1.177930,1.179010,1.176440,1.176890,0
2025-07-07 00:00,1.176890,1.177370,1.168680,1.174670,0
2025-07-08 00:00,1.174670,1.176500,1.168250,1.170380,0
2025-07-09 00:00,1.170350,1.174940,1.168950,1.173380,0
2025-07-10 00:00,1.173390,1.174330,1.166230,1.168170,0
2025-07-11 00:00,1.168150,1.171380,1.166910,1.168520,0
2025-07-13 00:00,1.166580,1.169780,1.166110,1.168090,0
2025-07-14 00:00,1.168080,1.169700,1.165410,1.167560,0
2025-07-15 00:00,1.167580,1.169250,1.159270,1.161080,0
2025-07-16 00:00,1.161090,1.172120,1.156230,1.161880,0
2025-07-17 00:00,1.161890,1.163400,1.155660,1.162370,0
2025-07-18 00:00,1.162370,1.167160,1.161190,1.162070,0
2025-07-20 00:00,1.162360,1.163620,1.161450,1.162530,0
2025-07-21 00:00,1.162510,1.171660,1.162300,1.168710,0
2025-07-22 00:00,1.168730,1.176070,1.167880,1.173870,0
2025-07-23 00:00,1.173890,1.178000,1.171090,1.177500,0
2025-07-24 00:00,1.177480,1.178870,1.173030,1.174250,0
2025-07-25 00:00,1.174230,1.176090,1.170280,1.173960,0
2025-07-27 00:00,1.175520,1.177000,1.174630,1.175620,0
2025-07-28 00:00,1.175630,1.175790,1.158140,1.158290,0
2025-07-29 00:00,1.158270,1.159020,1.151880,1.156160,0
2025-07-30 00:00,1.156150,1.156850,1.140080,1.142330,0
2025-07-31 00:00,1.142320,1.146060,1.140470,1.141710,0
2025-08-01 00:00,1.141820,1.159690,1.139150,1.158300,0
2025-08-03 00:00,1.159100,1.159630,1.155010,1.157920,0
2025-08-04 00:00,1.157900,1.158850,1.154970,1.155520,0
2025-08-05 00:00,1.155500,1.158600,1.152770,1.157990,0
2025-08-06 00:00,1.157990,1.166830,1.157050,1.166430,0
2025-08-07 00:00,1.166430,1.169860,1.161080,1.165970,0
2025-08-08 00:00,1.165960,1.166770,1.162870,1.163680,0
2025-08-10 00:00,1.164440,1.167540,1.164170,1.167130,0
2025-08-11 00:00,1.167120,1.167530,1.159000,1.162070,0
2025-08-12 00:00,1.162050,1.169710,1.159860,1.168380,0
2025-08-13 00:00,1.168360,1.173010,1.167660,1.170330,0
2025-08-14 00:00,1.170330,1.170640,1.163090,1.165990,0
2025-08-15 00:00,1.166000,1.171510,1.165890,1.170260,0
2025-08-17 00:00,1.171010,1.171570,1.169350,1.170330,0
2025-08-18 00:00,1.170340,1.171020,1.163900,1.165490,0
2025-08-19 00:00,1.165490,1.169280,1.162210,1.163290,0
2025-08-20 00:00,1.163290,1.167360,1.162310,1.164600,0
2025-08-21 00:00,1.164610,1.166260,1.158880,1.158950,0
2025-08-22 00:00,1.158970,1.174250,1.158280,1.171480,0
2025-08-24 00:00,1.172030,1.172590,1.169350,1.170660,0
2025-08-25 00:00,1.170680,1.172040,1.160280,1.162560,0
2025-08-26 00:00,1.162540,1.166520,1.160210,1.162510,0
2025-08-27 00:00,1.162510,1.165460,1.157400,1.164280,0
2025-08-28 00:00,1.164290,1.169720,1.162890,1.166240,0
2025-08-29 00:00,1.166230,1.170890,1.165070,1.168260,0
2025-08-31 00:00,1.169350,1.171420,1.168450,1.170820,0
2025-09-01 00:00,1.170810,1.173620,1.169200,1.169510,0
2025-09-02 00:00,1.169510,1.170640,1.161270,1.162340,0
2025-09-03 00:00,1.162340,1.168200,1.160810,1.165310,0
2025-09-04 00:00,1.165310,1.167450,1.162980,1.167130,0
2025-09-05 00:00,1.167130,1.175930,1.166480,1.171410,0
2025-09-07 00:00,1.171110,1.171970,1.170360,1.170920,0
2025-09-08 00:00,1.170920,1.177790,1.170590,1.176380,0
2025-09-09 00:00,1.176390,1.177990,1.168910,1.170800,0
2025-09-10 00:00,1.170800,1.173060,1.168240,1.169560,0
2025-09-11 00:00,1.169550,1.174600,1.165890,1.172490,0
2025-09-12 00:00,1.172500,1.174750,1.170130,1.173010,0
2025-09-14 00:00,1.173030,1.173440,1.172180,1.173120,0
2025-09-15 00:00,1.173120,1.178660,1.171600,1.178020,0
2025-09-16 00:00,1.178020,1.187830,1.177350,1.185180,0
2025-09-17 00:00,1.185170,1.191860,1.180740,1.181210,0
2025-09-18 00:00,1.181200,1.184820,1.175000,1.178160,0
2025-09-19 00:00,1.178180,1.178960,1.172860,1.174050,0
2025-09-21 00:00,1.174490,1.174770,1.172620,1.173240,0
2025-09-22 00:00,1.173240,1.181990,1.172630,1.180540,0
2025-09-23 00:00,1.180560,1.181900,1.177870,1.179740,0
2025-09-24 00:00,1.179710,1.180490,1.172800,1.175240,0
2025-09-25 00:00,1.175250,1.175380,1.164540,1.167820,0
2025-09-26 00:00,1.167800,1.170720,1.166150,1.169960,0
