final_equity,total_return,max_drawdown
254028.16595010497,154.02816595010495,-3.765394395681671
171295.08834496018,71.29508834496019,-8.818593195952616
187614.7143228305,87.6147143228305,-9.85227291107464
189693.3842980097,89.6933842980097,-9.707968421169554
218114.6813739778,118.11468137397779,-5.696071341608558
130098.070925849,30.098070925848997,-10.873377864309141
200469.8233016146,100.46982330161462,-8.272065683035695
186034.9989272817,86.0349989272817,-6.414029525749091
231085.6359538185,131.08563595381852,-2.4830625946461424
171562.23962334538,71.56223962334538,-18.479516189739716
175270.51292545645,75.27051292545646,-8.746209773213605
161984.44610441598,61.98444610441598,-8.280052929676627
200763.18176763982,100.76318176763981,-2.994460469327029
218450.94196415617,118.45094196415617,-1.9329110116457195
251103.30226729222,151.1033022672922,-1.1122538969895215
183081.82075730484,83.08182075730484,-8.173468729447416
171626.4901549942,71.62649015499419,-9.388983073195103
208453.72918518685,108.45372918518686,-5.344825190136128
165858.08443381893,65.85808443381893,-6.093912723382549
185259.04961965495,85.25904961965496,-4.4391220486982235
180557.85947991034,80.55785947991035,-6.3903371437075345
149326.93005697487,49.32693005697488,-8.653794482027042
160052.16357851733,60.05216357851732,-8.862164750661574
198256.70685143495,98.25670685143496,-3.9093605395468813
190630.5801484512,90.6305801484512,-8.277614663928372
184027.5584786285,84.02755847862848,-4.705758021257165
159307.82097362616,59.30782097362617,-5.513015224186525
158857.3414875485,58.85734148754849,-9.811430161776856
161558.40744901806,61.55840744901806,-6.539698296920384
199025.24660764023,99.02524660764023,-6.66940186539555
162970.03398199717,62.97003398199716,-5.168503797704771
188556.73499632906,88.55673499632906,-11.78254273764731
119531.18811412923,19.531188114129215,-15.064701915518727
189409.72616230458,89.40972616230458,-9.270140932636682
257105.81262628885,157.10581262628884,-5.002753516733674
171796.22819529983,71.79622819529983,-8.241752759206044
149405.68931057435,49.40568931057434,-7.965482361710261
218806.19104596146,118.80619104596147,-1.968724857581092
210592.07829377984,110.59207829377984,-5.69311075195005
205062.87145469832,105.0628714546983,-11.202937059108049
205776.38603830145,105.77638603830147,-6.819717672519074
138661.69639747683,38.66169639747683,-8.747258497061358
160937.48516877223,60.93748516877222,-5.577169748823034
185052.60535705258,85.05260535705258,-8.75798848103442
208243.69552503777,108.2436955250378,-2.5491970295560185
191267.27869549315,91.26727869549316,-7.1574973795856565
167487.98600236245,67.48798600236245,-10.903369756191848
144316.47747143608,44.31647747143608,-14.149944949151688
199341.98142706964,99.34198142706964,-4.441411486257104
200775.0527496155,100.7750527496155,-6.684868579917859
174171.27137697235,74.17127137697234,-10.003563816696754
186554.3141621257,86.55431416212569,-5.664089620700138
149156.86980272376,49.156869802723755,-3.5814176967431908
174214.49132806802,74.21449132806801,-7.689001863476401
209886.63435135258,109.88663435135257,-7.804789943740648
249421.01076926783,149.4210107692678,-7.745082632953619
175248.28598089027,75.24828598089026,-3.95506630552652
174891.52478514245,74.89152478514245,-4.937197872800151
186061.2482223501,86.0612482223501,-4.328924031652661
177777.28046084917,77.77728046084917,-5.07479258141949
151847.19186983196,51.84719186983195,-11.822098827818435
179689.06097526918,79.68906097526917,-10.012315087073086
207170.2910965421,107.1702910965421,-5.4550300099302795
182114.7958913836,82.1147958913836,-7.6697184841484844
219998.2837072154,119.99828370721542,-5.885330439955449
187082.86260835425,87.08286260835425,-2.451433876177563
183023.7802904278,83.02378029042778,-8.845647556520518
181403.57096851303,81.40357096851302,-12.403844614708515
213915.5738633372,113.91557386333719,-7.748560888271383
184753.66070086544,84.75366070086542,-4.826902005834629
199419.2629879277,99.41926298792771,-2.8581867530761427
221093.1664582264,121.09316645822639,-4.1625194604097615
134587.26602871923,34.58726602871922,-11.344662422030288
213165.46329525497,113.16546329525497,-4.692382116755496
174169.88178726635,74.16988178726636,-6.623467695476089
208467.1180831483,108.46711808314828,-8.003158256605094
226035.45953914104,126.03545953914104,-5.234918829687067
182051.98974306817,82.05198974306818,-5.547496681963211
192975.4621703782,92.9754621703782,-7.503771782671903
195940.9959892435,95.9409959892435,-7.284356954071043
169439.2762184051,69.43927621840511,-3.5511361764323195
186102.62935751403,86.10262935751403,-6.264285361397333
207978.89734223555,107.97889734223554,-6.8252935171926294
179199.39492994064,79.19939492994064,-3.895180566668937
191300.7685157391,91.3007685157391,-4.965677416486583
233917.789270577,133.917789270577,-4.563375839703268
206953.08248497004,106.95308248497004,-8.00194600769064
208791.44663723817,108.79144663723817,-7.939142160202888
161938.9935216513,61.93899352165131,-8.762571832003898
187838.80678639124,87.83880678639125,-7.325329441702209
186160.90081737807,86.16090081737808,-6.99269154572474
121964.02526019099,21.96402526019099,-14.598621262987688
165391.7794947209,65.39177949472088,-6.261130613858805
207733.05715704933,107.73305715704934,-5.12876894605
254818.60185278035,154.81860185278035,-1.4741709960279454
157089.81905114022,57.08981905114021,-10.768204309160538
190874.8985788081,90.87489857880809,-6.969037702029772
199942.9703082795,99.9429703082795,-6.303230083150678
177335.9083441489,77.33590834414889,-5.063612499198022
153839.4577113235,53.839457711323526,-6.032709319872316
175862.88909489918,75.86288909489917,-9.00219424618651
197880.1042501288,97.88010425012878,-5.614622450099387
182164.46316123026,82.16446316123027,-7.131403252176642
218018.91632106935,118.01891632106933,-8.352999837452382
140934.37726165308,40.934377261653076,-10.635798221305109
192817.98285970313,92.81798285970314,-5.957471182828912
218393.98477322527,118.39398477322524,-3.754847905419837
152413.13042909742,52.413130429097436,-6.98897569993934
189503.8376565957,89.50383765659569,-5.979275926980765
221764.65225607782,121.76465225607784,-2.235936747524302
180767.78107856365,80.76778107856366,-12.28148821318766
220432.95986830659,120.43295986830658,-3.156852570888364
172694.00659426884,72.69400659426883,-9.187726931962716
154576.66581981687,54.57666581981688,-8.86158689107086
196195.04785888368,96.19504785888368,-6.611929563582221
180209.4517288386,80.20945172883862,-5.6630667281874745
205192.5732461365,105.1925732461365,-7.046159120952114
162487.08719299818,62.48708719299818,-6.633375837999539
157965.4652624121,57.96546526241209,-6.750030002463878
177448.55469189808,77.44855469189808,-6.205392092348743
212038.73991483648,112.03873991483646,-8.519577399478091
211805.61984153598,111.80561984153599,-5.714020090498691
150918.05251764497,50.918052517644966,-13.229151358896907
151633.59267978312,51.63359267978311,-7.722220125095614
180004.4015241018,80.0044015241018,-2.6006940291186336
188020.15829708427,88.02015829708427,-7.174822131388338
211897.95830122713,111.89795830122713,-7.853700943285073
220362.28715957387,120.3622871595739,-6.68981291703447
175788.22742719352,75.7882274271935,-7.8109617998100065
199712.68909983663,99.71268909983664,-8.735005762164397
165821.52034166292,65.82152034166293,-12.224519104060949
192244.8872787945,92.2448872787945,-7.5597196239229625
202714.09003329254,102.71409003329252,-3.561909649447429
198620.12806599218,98.62012806599219,-4.94985515954161
260315.03540234,160.31503540234,-4.426839421004871
186317.7121221209,86.3177121221209,-8.279022654118135
166543.52628379638,66.54352628379638,-5.812454378695915
200302.35759451555,100.30235759451554,-4.480640868556905
198047.29318663286,98.04729318663286,-6.8853309191511824
185212.29775492183,85.21229775492183,-5.1468714666246305
153600.91808013324,53.60091808013323,-13.643244625289498
167257.83293667797,67.25783293667797,-5.996289700493172
156779.0294142019,56.77902941420192,-15.451726311325833
236417.40458462946,136.41740458462945,-11.49052442295491
235404.7160448634,135.4047160448634,-6.198924072986458
209323.8094161002,109.3238094161002,-6.621068979422305
198742.19737394806,98.74219737394807,-4.0601410709265435
239185.2152556189,139.1852152556189,-4.219435117765742
156971.0467505995,56.9710467505995,-5.888843175245874
169492.64040403458,69.49264040403457,-6.559960037995663
214270.76977386716,114.27076977386714,-4.930216321473588
166837.06275257896,66.83706275257897,-6.58333952237352
197865.39456688488,97.86539456688487,-7.845527453092334
188258.65583804456,88.25865583804455,-6.402765057201097
208690.86377369374,108.69086377369372,-2.2034841219889323
252188.47795444116,152.18847795444117,-3.2832112435616922
176937.922085966,76.93792208596602,-10.371182666800758
131904.78865702378,31.904788657023776,-12.929270174383825
178178.66358927352,78.17866358927353,-8.679088354816333
183504.0888598339,83.50408885983389,-4.442264396394139
192572.89793032221,92.57289793032221,-9.919026261419155
199325.65132624662,99.32565132624663,-4.310890807165343
199613.2114101806,99.6132114101806,-4.464055712280065
191628.19047848217,91.62819047848217,-5.970589065149135
240988.0844731217,140.98808447312172,-1.6355511682927981
180116.97192762938,80.11697192762936,-6.60128916106031
213072.0339209027,113.07203392090268,-6.122229592455141
175017.41147724484,75.01741147724483,-7.242000360050689
211330.27212888282,111.33027212888283,-3.2673265799676208
182243.6264015218,82.24362640152178,-6.92557042873531
164311.85263148192,64.31185263148191,-6.863787566842714
151176.32114401218,51.176321144012185,-8.50240623747219
169168.7185753018,69.1687185753018,-5.898184333269487
184196.7372207903,84.19673722079028,-5.112706666791808
216136.71219784592,116.13671219784591,-8.96449061195725
156419.356355223,56.419356355222995,-7.820635571385454
163653.7569115646,63.653756911564585,-7.964181447203073
174014.56800335876,74.01456800335875,-11.001122894761679
194297.7964870538,94.2977964870538,-3.1313875591010785
210193.74021583656,110.19374021583657,-2.704657101864472
169136.68024737108,69.13668024737107,-5.819622233429985
145831.6358802538,45.831635880253806,-8.360852354338935
191655.47511432914,91.65547511432915,-5.7926629450988845
178716.38036112342,78.71638036112343,-7.229505570982377
224163.24495844526,124.16324495844523,-5.322138684161534
185920.51468643482,85.92051468643483,-9.704564073003636
179250.33247770267,79.25033247770268,-4.558259434093683
221410.12408583082,121.41012408583083,-5.958675955417922
177362.6831155765,77.3626831155765,-8.011454916520616
176501.12971036404,76.50112971036404,-7.039692651809181
207285.45508474117,107.28545508474116,-5.178070538438902
169328.18613865948,69.32818613865948,-5.576334316328553
203145.3129672228,103.14531296722281,-5.511018687322084
147979.56870897498,47.97956870897497,-7.339543719528331
204693.17616915097,104.69317616915097,-4.994454597457131
211222.85572091234,111.22285572091232,-5.489913635021412
208752.08746074134,108.75208746074136,-7.718163653059038
139974.29001905187,39.974290019051864,-15.97586132058889
188059.2468259278,88.0592468259278,-8.865425286943887
210932.2269587513,110.93222695875129,-5.305460551977926
156887.51208264063,56.88751208264065,-7.8728906226762305
160520.6015637942,60.520601563794195,-5.991269292716875
172481.1230765531,72.4811230765531,-7.075618175579048
174302.82652948744,74.30282652948745,-8.971975139001255
194041.20759189213,94.04120759189215,-5.676076431182256
195744.17169499723,95.74417169499722,-5.476900087879243
185664.16299816978,85.66416299816977,-4.139704628851656
219406.27975850386,119.40627975850387,-5.429712525537503
226767.4382464468,126.7674382464468,-10.119535060748767
245879.2261554047,145.87922615540472,-2.411345961520209
200504.39028961543,100.50439028961544,-8.03075654310657
197983.82296804877,97.98382296804877,-5.198589107790618
163064.0257517647,63.06402575176471,-7.713328474081468
190924.18418840374,90.92418418840373,-2.843201867011892
190905.52938267542,90.90552938267543,-5.013984576356048
185006.29065916128,85.00629065916128,-1.9621202544188971
144068.53722596465,44.06853722596465,-11.274325241392194
194705.49735655397,94.70549735655398,-7.264511759949159
213476.88500570564,113.47688500570565,-2.4655973576083103
184762.8213436511,84.7628213436511,-7.522139817807208
199133.85819597135,99.13385819597136,-3.403023974528818
182005.10927406262,82.00510927406262,-6.858057457288407
203861.4692024525,103.86146920245251,-5.937383725731898
218076.50636609521,118.07650636609522,-5.289371050979419
231617.2990133318,131.6172990133318,-6.411902974263829
151651.90544963093,51.65190544963092,-14.908359049461703
158483.03553692612,58.48303553692613,-8.912906990557335
205848.1969625284,105.8481969625284,-3.99048734917814
161151.18427077847,61.15118427077846,-11.82180839530008
230493.01328595146,130.49301328595146,-2.9419626351252206
216195.82454342337,116.19582454342337,-3.8560538729978924
173552.9518420039,73.55295184200389,-6.688209771675082
175300.0213329764,75.30002133297641,-2.2394865334970224
158065.44638150476,58.06544638150477,-23.641344007818983
217348.92059525632,117.3489205952563,-5.841893064214599
162412.4089148825,62.41240891488249,-4.207313207291901
192538.1344133012,92.5381344133012,-6.949718709557409
200599.66418135603,100.59966418135602,-6.885550592133645
190064.6636572744,90.0646636572744,-5.492930850404285
145515.64375578772,45.515643755787714,-10.780550690571799
160676.17069395844,60.67617069395843,-10.043111831492288
163408.62155138084,63.40862155138085,-7.48580458012537
181033.04658528115,81.03304658528114,-7.743744457975208
143039.09544987048,43.03909544987048,-9.94245558334906
157262.0191353748,57.26201913537481,-29.523718437790723
230996.3529215449,130.9963529215449,-7.344151927397065
189020.10385002827,89.02010385002828,-7.69281580735547
192145.7497960273,92.1457497960273,-8.682753212611997
194223.92511322076,94.22392511322076,-9.214945127098881
223086.58904744734,123.08658904744733,-8.643017894296788
201662.33164914392,101.66233164914394,-8.700992063202188
190433.64624420856,90.43364624420856,-8.689765726940488
177738.0103266444,77.7380103266444,-10.581432919879466
186919.30369221998,86.91930369221998,-13.368618687930404
172780.6822990868,72.78068229908679,-10.77428528769328
195979.7406277376,95.9797406277376,-5.454385351751691
170538.03723247384,70.53803723247385,-7.443139317747743
178061.8147002897,78.06181470028967,-10.405564052371918
207662.63567031123,107.66263567031125,-7.12041714259742
127587.08708494523,27.58708708494524,-19.92137596995585
188581.40738852439,88.58140738852438,-6.208856534846269
254735.98699692034,154.73598699692036,-4.8730324266778355
151253.3870186505,51.2533870186505,-5.930747673573262
201987.5700733832,101.98757007338317,-2.7968666081540188
192922.3910646669,92.92239106466691,-7.84724356639182
200703.5064709694,100.70350647096942,-5.721260232884755
212786.01056874322,112.78601056874322,-4.579456030409869
211963.01890821825,111.96301890821823,-4.6157789064945955
220718.32194784633,120.7183219478463,-7.410693061351975
205495.2067174252,105.4952067174252,-10.856326644256667
177821.84688780276,77.82184688780276,-9.501271101400262
221718.81156631184,121.71881156631184,-2.5681962328233126
201660.4343377315,101.66043433773152,-5.83108760351176
229143.3095479014,129.1433095479014,-5.4254330758053175
234018.5279302407,134.01852793024068,-1.2454484444672465
172390.71965872135,72.39071965872135,-4.740879634296041
168766.99603112182,68.76699603112182,-7.536072197637912
204675.43254970084,104.67543254970084,-7.328965167653862
222216.64480986277,122.21664480986276,-6.042720659739269
188939.43459844368,88.93943459844368,-7.411576067400764
186057.99551090828,86.05799551090827,-16.00882905183685
166839.3779260563,66.8393779260563,-7.488301614387822
179323.91161785013,79.32391161785013,-7.690925725776067
197397.53528135462,97.39753528135462,-8.765054284068981
159927.7348290705,59.92773482907052,-6.826573486370117
180928.40853853634,80.92840853853633,-5.7341479424460635
165700.08980240283,65.70008980240283,-10.582462071279792
199630.50621585356,99.63050621585356,-4.029243166643166
163602.76784106295,63.602767841062935,-14.19324208090578
164692.63856213368,64.69263856213368,-5.669499552958337
180456.14790032298,80.45614790032299,-6.517973929058214
157713.605465737,57.713605465737004,-11.37261032618715
174485.93560192417,74.48593560192415,-13.629486012186822
164663.7505265021,64.66375052650208,-7.5988451194021795
163054.58061552394,63.05458061552394,-7.973855400191551
246282.74739231385,146.28274739231384,-4.589994602228576
193862.35649377052,93.86235649377053,-5.4349340099020145
147232.70253952636,47.23270253952636,-5.595821400407163
189640.4759167065,89.64047591670649,-7.695697519075841
203279.85499631078,103.27985499631076,-6.484180238130212
221276.21576751993,121.27621576751993,-8.015113754952187
180478.91714755225,80.47891714755224,-16.574272268157138
184074.36306211085,84.07436306211085,-5.928137016935989
203021.3177642034,103.02131776420342,-8.329578567863562
192822.86241180723,92.82286241180724,-2.4328856922744375
199950.98846843967,99.95098846843966,-8.387677476618267
194495.8275041563,94.49582750415631,-5.4923965830754895
179701.4594461202,79.7014594461202,-18.449669634778797
204424.5478142286,104.42454781422859,-8.461394897708296
170868.9048693335,70.86890486933348,-9.068609483566508
190788.1943068136,90.7881943068136,-8.043136986809179
209645.8577898778,109.6458577898778,-6.969638002185367
186866.0406253314,86.86604062533141,-5.306134482632348
194094.58845645603,94.09458845645602,-6.178193806102636
174122.6556136779,74.1226556136779,-8.82337037043943
241521.07256042218,141.52107256042217,-5.793854078744685
189656.95412377128,89.65695412377129,-18.6736376514654
186837.51307798643,86.83751307798642,-6.335952811285757
216201.31833611173,116.20131833611174,-3.652884059498836
175500.46883174242,75.50046883174242,-9.56826268446545
223069.90026961121,123.06990026961122,-7.479061145326001
171287.46799229155,71.28746799229155,-6.780447967651028
200833.4932330266,100.83349323302659,-4.078264283666227
158571.02042499464,58.57102042499464,-8.49398262763619
249884.5534668686,149.8845534668686,-8.260290417533152
157025.16724349675,57.02516724349675,-7.903635362217291
206060.12919654715,106.06012919654715,-4.102409862150011
245196.157136663,145.19615713666303,-2.8983467853100233
188139.63952722534,88.13963952722534,-2.1743437809860215
154637.15667714982,54.63715667714981,-6.561887041326754
139322.097721382,39.32209772138198,-10.992421789947088
211486.26399821462,111.48626399821464,-5.336302920783975
219834.50118859916,119.83450118859915,-2.0680162459483826
178317.11303185014,78.31711303185014,-8.180071934160889
197287.25382109737,97.28725382109738,-7.2367643024570505
199831.33051293125,99.83133051293125,-4.510576089206903
185846.0027597628,85.8460027597628,-7.763267626400042
191384.58233351252,91.38458233351253,-14.141963307083405
183444.2271372177,83.44422713721771,-6.371680620511176
213097.6572662411,113.09765726624109,-3.2436147621471676
200350.47363792025,100.35047363792025,-10.412486335529227
220340.20145615016,120.34020145615014,-4.797710188270772
166495.24244164408,66.49524244164408,-6.337186252093614
175295.47310068022,75.29547310068021,-4.989427089344634
200157.86964745293,100.15786964745294,-6.573605091765216
163475.3252685888,63.47532526858879,-5.285388624025809
187471.4511446767,87.47145114467672,-4.0169725455107175
229347.92152088607,129.34792152088605,-5.737765080507745
227504.07140494397,127.50407140494397,-8.651483750260107
195475.17240618373,95.47517240618373,-7.476150687392616
188681.39679451246,88.68139679451245,-9.322092185850849
180000.66939060792,80.00066939060792,-8.356444609184404
185333.1586124894,85.3331586124894,-13.472794184052145
192518.27816962465,92.51827816962465,-4.579607323594282
192098.6554973226,92.0986554973226,-3.456515682440918
172781.17713501165,72.78117713501165,-11.995244705010755
149861.75877652742,49.86175877652743,-11.278297795871675
180656.91527385154,80.65691527385155,-4.618629841836892
187791.7807255293,87.7917807255293,-13.463029695698003
200526.92386947578,100.5269238694758,-4.376033214754543
225411.26188360958,125.41126188360958,-1.9276740937016317
183702.06272758258,83.70206272758259,-7.643803935424061
190710.72203568477,90.71072203568478,-7.997797381203772
194037.02214888926,94.03702214888925,-4.52727149791375
174437.13998452845,74.43713998452846,-4.3491764127534704
174769.02897003008,74.76902897003008,-9.985180499334634
195239.24808030197,95.23924808030198,-9.302668845056962
181772.2212517775,81.7722212517775,-8.31274198390427
165077.35367627727,65.07735367627727,-7.765981956874317
208525.6036532782,108.5256036532782,-6.015904978669543
138220.57988981617,38.22057988981618,-7.454629731363993
177729.03077767725,77.72903077767725,-5.905886840635899
181252.09189005668,81.25209189005666,-5.567230415904658
189747.34036354994,89.74734036354994,-8.148846328108377
161839.11448934977,61.839114489349775,-6.975348179900534
203554.95107239747,103.55495107239747,-12.69349046804872
148456.86263604,48.456862636039986,-13.989515596834215
181850.61415920226,81.85061415920225,-7.73174013104135
215422.06043239209,115.42206043239207,-2.0039991443319836
168560.53073156788,68.56053073156787,-6.433025859051568
208656.4436319226,108.65644363192257,-5.201612777189069
198654.95615975003,98.65495615975001,-5.322979700656612
182472.85733100714,82.47285733100713,-18.232593686622675
201091.46744514897,101.091467445149,-7.4417516098253405
167486.7963547121,67.48679635471211,-7.53312064942806
172993.2638408742,72.99326384087419,-8.79490868499911
188410.0444418408,88.4100444418408,-5.707276704230678
184476.41829592967,84.47641829592966,-3.884108306826331
172997.1660836129,72.99716608361288,-8.481696354651843
223652.26518564942,123.6522651856494,-3.8274013194975365
152326.2686744206,52.326268674420604,-6.659660098807025
203629.1438334828,103.62914383348283,-6.836463490721632
173278.54024201364,73.27854024201363,-6.23718602271055
176747.07012416515,76.74707012416515,-2.706795488942029
174398.0980773436,74.3980980773436,-9.909097618243434
189068.4475879147,89.0684475879147,-5.893440128030414
188396.35340157503,88.39635340157503,-10.02502380807299
209524.24914522626,109.52424914522626,-6.4170078065072325
227364.29934575612,127.36429934575612,-10.50694459634139
174936.4772426206,74.9364772426206,-6.198146565808255
186604.00141246337,86.60400141246339,-8.444071731171817
244191.43516651046,144.19143516651047,-4.336954591617652
167861.6620790098,67.8616620790098,-5.2928593893503635
184474.92082688175,84.47492082688174,-6.534564544357243
185375.44074826216,85.37544074826215,-5.286886266967882
198717.0181155433,98.7170181155433,-5.295505864397187
183022.71198539995,83.02271198539995,-6.704147636969118
216932.13879818085,116.93213879818086,-4.551691685242141
189626.01286838495,89.62601286838495,-4.589767452299641
227930.86495486868,127.93086495486867,-6.664093579460421
228411.90509494505,128.41190509494504,-4.107261052072481
191175.9999719157,91.1759999719157,-7.16305445836183
206806.53991737918,106.80653991737915,-4.772191617931784
191547.73536656104,91.54773536656104,-5.506475220835159
270978.7723229175,170.97877232291748,-3.574410383462275
201431.32640525512,101.43132640525513,-6.560667203195848
204552.1005468836,104.5521005468836,-4.768067527450158
191260.03862658574,91.26003862658574,-8.198388836795807
199699.30945477393,99.69930945477392,-2.1553838382908372
178267.4471217136,78.2674471217136,-6.353609871730471
159421.7086556886,59.42170865568859,-7.068135731987095
174754.1380121048,74.75413801210482,-10.234546400078669
193893.70481295063,93.89370481295063,-6.757689404599663
201891.94736717973,101.89194736717972,-9.466164482662696
161632.48025156753,61.632480251567536,-7.92066950939935
168962.27548201056,68.96227548201057,-6.8796340347785
160636.0462161731,60.63604621617309,-15.13842689891829
225442.0637009769,125.4420637009769,-1.0735617120706646
251040.44737152237,151.0404473715224,-6.244986085253103
171594.25676207428,71.59425676207427,-6.360371459492183
184384.50336961445,84.38450336961445,-3.662070019871635
204854.2614556002,104.8542614556002,-6.044142251745721
201257.1389806038,101.2571389806038,-8.29717362319711
167234.19655261925,67.23419655261924,-10.220449354061316
196831.74811781262,96.83174811781261,-4.19637587969834
174760.24331447366,74.76024331447366,-11.46645858977893
188863.22293282178,88.86322293282178,-6.025849379272148
193468.97680834174,93.46897680834174,-4.054562715718045
185134.37816467427,85.13437816467426,-8.842666123075512
202778.16079920906,102.77816079920905,-8.86871022427039
196347.78474253457,96.34778474253456,-5.3565001201478095
190858.01680342839,90.85801680342837,-7.430918372197157
191531.66728536625,91.53166728536624,-6.738007292162394
194822.39801144187,94.82239801144188,-4.097206187338011
124405.12739921277,24.405127399212766,-8.32060377352324
181237.78155315295,81.23778155315296,-7.768112184988481
163737.46353635355,63.737463536353545,-6.817460914426218
140818.21611333799,40.81821611333798,-13.041539678708347
181152.60104102478,81.15260104102478,-6.9560875650757
208874.3590199367,108.87435901993672,-5.202209576276995
228941.99216469284,128.9419921646928,-8.025989453770647
175927.76101469342,75.9277610146934,-5.2715601876634075
189845.43028685707,89.84543028685708,-11.2968721471468
173173.38381662063,73.17338381662061,-9.190528571920341
225336.45341727172,125.33645341727171,-7.964137358163511
199415.37063428835,99.41537063428837,-8.638171900184432
202867.30814799026,102.86730814799027,-5.841933626148787
177820.20386459716,77.82020386459716,-5.65924644953334
194265.76161249343,94.26576161249342,-4.379283029141894
171084.8586815519,71.08485868155189,-6.745951179368638
148392.04995417496,48.392049954174965,-24.80373820714381
200654.84797853266,100.65484797853266,-7.031257463500228
183329.29023854004,83.32929023854004,-6.72623315352662
202791.5458908743,102.79154589087427,-1.5989662844529449
149393.74148019537,49.393741480195374,-4.986543608441686
208075.76880872977,108.07576880872975,-6.548458084396061
220169.3440370012,120.16934403700121,-7.735322784181337
199903.63617027533,99.90363617027533,-1.397464449273486
185422.91306205216,85.42291306205216,-2.0715875551424525
176108.71642237777,76.10871642237778,-8.543487160575431
206064.81960584017,106.06481960584016,-3.866476324749983
187878.60167981265,87.87860167981265,-5.17020173093316
186229.38557219642,86.22938557219642,-8.964184510015643
176023.27762281842,76.02327762281843,-5.263680134355615
185447.9858209181,85.4479858209181,-5.91941003576652
181799.40984275285,81.79940984275285,-4.43212314322672
179512.82607762713,79.51282607762712,-3.441616921643733
231807.80961819485,131.80780961819485,-2.424478284688357
143375.9240261048,43.3759240261048,-6.150699316121958
184774.23715170874,84.77423715170875,-4.279323035493622
178249.7970007621,78.24979700076211,-7.510460011705729
219334.11966737075,119.33411966737073,-1.8650770379272235
203775.5647506093,103.77556475060929,-5.3256387599972514
148854.98480905226,48.85498480905226,-13.120653539505739
197330.715036966,97.330715036966,-16.93842414228905
225457.00186067607,125.45700186067607,-6.127254919598806
196356.38363909523,96.35638363909524,-6.103171020391769
218364.78295066324,118.36478295066324,-4.252333727768288
227893.25958252023,127.89325958252023,-6.292003549649734
186314.8720778026,86.31487207780259,-6.404075994980149
178229.69510508084,78.22969510508085,-6.072349777089141
221864.80382167955,121.86480382167954,-1.633343236881617
241230.62216520542,141.2306221652054,-8.005392429651447
173051.89157688236,73.05189157688237,-11.266538889519294
170208.25890236333,70.20825890236333,-6.643243326016036
156993.85362908748,56.99385362908747,-6.677629232009462
175183.08163816165,75.18308163816165,-4.434567186629447
201222.6508008447,101.22265080084469,-2.2890147373361027
177547.87095408927,77.54787095408928,-9.564578441362292
210704.53645086524,110.70453645086525,-2.613229429032498
186709.48928607046,86.70948928607045,-6.402762318463333
115448.31128624352,15.448311286243532,-13.768935015847376
178106.9515348585,78.1069515348585,-8.147463729399366
192116.41912196192,92.11641912196194,-5.756359266228199
175546.30157105843,75.54630157105844,-5.948320592609104
202583.32159059466,102.58332159059465,-7.8695463865876265
128515.91689427843,28.515916894278437,-10.206157997637202
233650.02480361436,133.65002480361437,-4.741582058699131
152519.20104299847,52.519201042998475,-7.587382286102591
182076.4066354395,82.0764066354395,-6.75478172443362
204158.6664235266,104.1586664235266,-5.5065018820641525
163250.79466905794,63.25079466905794,-9.322016638557827
233299.06449153236,133.29906449153236,-4.7901504113826485
148964.14237158032,48.96414237158033,-5.630066519300557
171859.41023452167,71.85941023452168,-2.664545248765994
218152.02243369128,118.1520224336913,-6.075708394433025
170596.849894037,70.596849894037,-10.93484727277044
208402.9605978332,108.40296059783321,-3.4723537104318325
238622.38339329418,138.62238339329417,-3.6117937569325824
188672.96498775712,88.67296498775713,-8.243429638983091
191633.64177424955,91.63364177424955,-10.152523363799384
234388.33300745755,134.38833300745756,-4.626456703949251
232680.2874406083,132.68028744060834,-4.1235453659555485
203685.63093622524,103.68563093622525,-4.19576834067721
179182.90544869294,79.18290544869294,-12.68430347987391
190654.7335833874,90.6547335833874,-4.71390422162484
162819.05361454005,62.81905361454005,-4.611396425651279
182658.90334302976,82.65890334302976,-9.200145811497482
179111.87778091902,79.11187778091902,-2.106701298081546
186297.38490137318,86.29738490137318,-7.143974652758822
201074.58330698957,101.07458330698958,-3.3719804786022647
178133.87620374688,78.13387620374688,-7.967732881243631
235145.91230758402,135.14591230758404,-4.398609270936756
175189.6489342976,75.18964893429761,-6.769026435159735
175214.09535130087,75.21409535130088,-5.018621225181322
166886.40657228994,66.88640657228994,-5.365239820057815
205842.99281968334,105.84299281968335,-2.729363340115798
187126.60975408164,87.12660975408164,-3.018946143149705
184960.99086075622,84.96099086075621,-8.215883665857062
240124.78617902144,140.12478617902144,-8.50283042505304
235960.09901571902,135.96009901571904,-5.866569887083243
175563.34750715925,75.56334750715925,-4.705110771252196
190483.76342293783,90.48376342293783,-6.693264969278085
156454.6163290823,56.454616329082285,-13.481802807625904
237375.37715475817,137.37537715475816,-7.148995026418752
161733.16396690835,61.73316396690836,-5.319312613544853
221707.4674215776,121.70746742157759,-2.575911803496357
188740.01462104596,88.74001462104597,-7.510286725277194
217603.07034611955,117.60307034611954,-10.734675194798186
165512.60247976164,65.51260247976165,-3.8992658071648054
181689.00738923496,81.68900738923497,-6.357505408246652
216829.5174847024,116.82951748470241,-10.254274825839712
172187.4637729037,72.18746377290368,-13.175142369860234
171154.59994383855,71.15459994383855,-5.211957183956342
181171.57675627622,81.17157675627622,-8.277146539171493
192478.3805382343,92.47838053823432,-6.224336341679133
163506.45321636752,63.50645321636752,-4.173667605917014
203201.59112011836,103.20159112011838,-7.726573897641507
184834.92753471786,84.83492753471786,-8.036695654819722
150842.64010128882,50.84264010128883,-12.839524170229735
214718.86198909156,114.71886198909154,-7.2051980733307275
171173.62998434957,71.17362998434957,-9.919856546125219
219806.39087342727,119.80639087342726,-11.477029868608764
211268.57223124284,111.26857223124284,-3.4103401793303076
176610.44950622294,76.61044950622293,-13.979151616553898
175070.76283778003,75.07076283778002,-8.388676948254643
166062.32536627993,66.06232536627992,-10.651601327486368
184666.69330448186,84.66669330448187,-8.958811340679084
191418.4973596841,91.41849735968408,-7.260166937635218
198602.66034036683,98.60266034036682,-12.421201314252228
179857.3017939599,79.85730179395989,-4.45482707176862
132327.87962499438,32.327879624994395,-7.13405441184507
237491.04203236435,137.49104203236433,-5.532634564520733
184256.98512233392,84.25698512233393,-3.8738721318052822
201585.5792671314,101.58557926713141,-6.472906460885115
156975.38127017143,56.97538127017143,-14.865007573442494
231188.8148783798,131.1888148783798,-3.3993453623022365
173039.4270884871,73.0394270884871,-6.0925571771694065
153426.02602729207,53.426026027292075,-7.993693964693242
163997.38298995444,63.99738298995443,-15.36033846873471
176523.45271257905,76.52345271257906,-6.887126535546974
165620.70374805434,65.62070374805432,-5.22032058027868
213351.49651557283,113.35149651557282,-3.959058526917616
163777.13846160052,63.777138461600515,-8.006175459100714
152594.79821268225,52.59479821268225,-14.377477012091552
199335.2382153229,99.3352382153229,-5.461808570646482
196470.6667331277,96.4706667331277,-5.631446069122236
162342.34856307996,62.342348563079966,-5.78117909819673
202284.62240211896,102.28462240211896,-6.803485932475578
188771.4195482867,88.77141954828672,-8.125285530443733
199089.3735845635,99.08937358456349,-7.906137909740312
163922.51218059738,63.922512180597366,-8.621233484825396
190056.91551929517,90.05691551929517,-6.162146278197969
154021.8346179209,54.021834617920895,-8.777581501837181
222689.15431789443,122.68915431789442,-4.0008686183626665
164553.89056825446,64.55389056825447,-14.987891907976806
169434.0978451029,69.43409784510288,-8.711501265573778
183137.35829845566,83.13735829845565,-7.549728536683347
226941.39539901452,126.94139539901452,-8.080380656344811
183463.77420608903,83.46377420608904,-7.642334699883406
166348.7005151927,66.3487005151927,-7.87999051655314
162361.04919058646,62.36104919058647,-1.809312005483719
194835.79846270068,94.83579846270067,-5.456421625825944
162321.3103061369,62.3213103061369,-5.131870637467115
237775.32825430654,137.77532825430657,-4.523313366549386
151997.10246703474,51.99710246703475,-14.367635948289529
175909.55310624666,75.90955310624665,-7.011123491888019
197912.81631778227,97.91281631778229,-5.8564089627499945
189116.5360862771,89.1165360862771,-4.891076942563148
156384.33962931627,56.38433962931626,-8.617525930916834
185250.37149287373,85.25037149287374,-2.325422248532635
250326.531067725,150.326531067725,-4.056215909258683
205496.60325013753,105.49660325013753,-16.229522658348177
159743.01181140996,59.74301181140995,-7.748128071986191
187335.85077979346,87.33585077979346,-2.646756665458077
159055.4417821539,59.05544178215392,-8.99854076786601
203585.36340289263,103.58536340289261,-7.177983578900314
190433.30826119252,90.43330826119251,-5.193864027785818
204873.53533974563,104.87353533974564,-6.509817954148975
235831.12952103806,135.83112952103806,-6.221241194544434
187774.02744925072,87.77402744925071,-5.163709597658112
192026.74149348267,92.02674149348266,-8.981735857799553
191755.52674284833,91.75552674284833,-5.158976586596353
193548.6018261905,93.54860182619052,-1.7168823804942188
223414.23177106137,123.41423177106137,-2.4585215743422766
212752.1702076331,112.7521702076331,-3.131659503402204
182250.1772998865,82.2501772998865,-6.4865343015339265
197155.2914737186,97.15529147371859,-9.255685991894138
188250.8326546493,88.2508326546493,-5.400787659994953
147341.61042964307,47.34161042964307,-7.735951582030988
260928.1899751452,160.9281899751452,-1.4794283549292742
211257.64220379124,111.25764220379124,-3.9661688326813986
179289.0379604631,79.28903796046309,-7.766496033020506
188330.0102110748,88.3300102110748,-8.006390269294272
184211.3072579698,84.21130725796982,-6.062990987502662
220878.15638749738,120.8781563874974,-8.387332595561979
185918.1456356006,85.91814563560061,-4.932470971819787
226683.19626492664,126.68319626492664,-2.187055171739359
225240.00438071895,125.24000438071896,-8.723342675316486
187620.2530725993,87.62025307259931,-15.019918492158551
215256.8556191554,115.25685561915537,-6.321567106425233
166594.40236792466,66.59440236792466,-8.923725450983389
198716.56226460665,98.71656226460665,-5.4839124146041645
215670.7146446244,115.6707146446244,-10.45477182014255
198944.7795983425,98.94477959834249,-6.102346216805589
194399.48364840477,94.39948364840478,-5.849193798666044
179522.95799494657,79.52295799494658,-5.49411981029673
161614.22285348436,61.61422285348437,-7.7056743361452185
196060.24426978934,96.06024426978934,-5.9778099841994985
205510.34781589877,105.51034781589878,-6.705104292015658
218766.86291876592,118.76686291876592,-5.802432166188935
202728.0986306026,102.72809863060259,-5.560728814779595
170549.4665452927,70.5494665452927,-15.015698388661628
238805.02707708566,138.80502707708567,-2.1436269027560675
169468.24028307883,69.46824028307883,-7.29416781382214
187513.86769232928,87.51386769232927,-8.23294804264293
167677.05694814346,67.67705694814346,-7.068856040871328
190488.32831401966,90.48832831401965,-7.28449257026729
157650.39091935242,57.650390919352425,-8.163401224271295
224311.20423044023,124.31120423044023,-2.078695582221615
163155.1679254325,63.1551679254325,-7.752530047806089
216140.33359146822,116.14033359146822,-14.559332426879926
191520.6827307252,91.5206827307252,-6.501398476264147
153907.89484232082,53.907894842320815,-8.69695652042636
147860.65975868126,47.86065975868126,-4.500580365914008
192589.91921173965,92.58991921173964,-8.084047936643312
164129.4934986196,64.12949349861958,-6.119861276578694
203321.78688551584,103.32178688551585,-6.626320832735994
169073.18662640487,69.07318662640488,-6.659657994278222
184916.39793927016,84.91639793927015,-13.962405821893887
180251.1846334124,80.25118463341241,-7.562614198682767
187139.11522269133,87.13911522269133,-4.360292078540957
188998.63249649433,88.99863249649434,-10.876787109024846
220209.6863417099,120.20968634170987,-5.802277538261625
208255.9202709914,108.2559202709914,-4.091844761082854
210450.27322808342,110.45027322808343,-4.331913779651194
199838.72839350358,99.83872839350359,-9.726261548096582
220431.76285738923,120.43176285738922,-3.730048080934709
151978.39014491613,51.97839014491614,-6.589369313610792
199177.55559809168,99.17755559809169,-3.8336615922377137
166299.6902380044,66.29969023800439,-4.79777491004732
201020.29734508586,101.02029734508587,-6.113438090026263
178904.72094871278,78.9047209487128,-8.6561949555987
197502.9353259349,97.5029353259349,-8.8654913905818
188469.78510301939,88.46978510301939,-6.6008634410975775
172295.32557227142,72.29532557227142,-7.777894319849736
182509.86101811082,82.50986101811083,-10.552249216688878
215266.66115185415,115.26666115185415,-2.210617540357782
165341.18691145486,65.34118691145486,-9.941370022816498
209125.75088935983,109.12575088935981,-1.986153325290814
259309.35015658234,159.30935015658233,-6.4944788082493625
172603.43691975082,72.60343691975082,-16.19446732925963
210518.99973160966,110.51899973160965,-3.154533031964841
180205.35117918698,80.20535117918699,-5.364025042236523
228612.21611761302,128.612216117613,-6.062780439060682
192441.06452035322,92.44106452035321,-4.592166835298501
201316.28467142416,101.31628467142417,-5.950744077424638
215862.34207405656,115.86234207405654,-6.319532226873277
191576.223070159,91.576223070159,-5.854990330185705
155211.43445480108,55.21143445480108,-20.999890158289002
221063.03070631484,121.06303070631483,-7.311654545632584
186887.75268467498,86.887752684675,-11.04923722058681
156308.35484224663,56.30835484224663,-7.169651434008848
173228.0134398478,73.2280134398478,-8.952866352521275
163547.02915792706,63.54702915792705,-8.63490515559197
176191.1529132898,76.19115291328981,-6.426853743955652
186931.13626536666,86.93113626536666,-4.99948606804956
191626.8537287478,91.62685372874782,-2.3517871259311605
173741.9618225189,73.7419618225189,-14.253939000176826
156596.87606742914,56.596876067429136,-6.392618997063877
215390.2211278934,115.39022112789338,-5.025917629664867
156239.9209340141,56.23992093401411,-11.913528930965416
159883.9579231865,59.8839579231865,-5.527252516084574
198061.50816169544,98.06150816169543,-3.439370758279555
183772.67699056576,83.77267699056577,-5.958227310308282
180824.56496280784,80.82456496280783,-9.275742167822942
217566.37258641672,117.56637258641672,-6.938059411018781
182597.13423789578,82.59713423789579,-3.0634098861816823
213022.37398357884,113.02237398357886,-1.28273906122581
229226.07570527343,129.22607570527344,-2.8287560777488423
239932.37891291064,139.93237891291065,-7.84756989084898
157192.7178032652,57.192717803265204,-8.033035088513971
148754.3071773273,48.75430717732732,-8.456751468878062
205630.61575114334,105.63061575114334,-6.19985799028542
209345.9772420415,109.3459772420415,-3.597543526687969
179483.41858654705,79.48341858654703,-9.682674287883533
144031.1817567094,44.031181756709415,-7.917655169163738
205958.4761735406,105.95847617354059,-3.8124954512642173
218717.513806033,118.71751380603301,-3.3919865080657647
233395.5997743501,133.39559977435007,-4.4982443027711145
173409.07347267127,73.40907347267127,-5.792136269559908
245659.83248571726,145.6598324857173,-6.054465444892618
213936.67079133616,113.93667079133616,-5.535330040980195
183223.30171131954,83.22330171131954,-4.3876301960535695
205169.70759273577,105.16970759273576,-4.413997258631549
180282.9394392575,80.28293943925749,-5.8138603868386225
252296.48193579164,152.29648193579166,-1.7228094385724373
215046.1513287336,115.04615132873361,-3.6928566766161177
215704.43700651184,115.70443700651185,-6.415908475853971
194048.98383730196,94.04898383730196,-4.668760791720202
224341.75657101278,124.34175657101277,-5.20288863259756
142101.9529108869,42.101952910886894,-8.672006420164376
234531.0112596491,134.5310112596491,-3.6661768346621137
173957.0400786191,73.9570400786191,-5.419803400858927
161216.80657189278,61.21680657189279,-4.657284685019445
187557.50805627124,87.55750805627125,-10.382181563960465
198106.49235582977,98.10649235582977,-6.404281749778902
176172.10383005632,76.17210383005633,-7.580233114938391
173473.74035916204,73.47374035916204,-6.522903001060721
152356.9585854412,52.356958585441205,-6.953324003413066
150288.57328635364,50.28857328635363,-6.585240998213461
194004.87133792497,94.00487133792497,-3.641978045695999
204353.0530574676,104.35305305746758,-3.412663628231401
197821.55409283633,97.82155409283632,-6.138559061642706
166719.52154444018,66.71952154444018,-9.598258856137546
190228.1628291722,90.22816282917219,-7.452339140985702
208852.0148219859,108.8520148219859,-4.828703198277654
170626.39100653675,70.62639100653676,-6.737816824643258
197711.52414858164,97.71152414858165,-7.3313547952773614
153862.12915467523,53.86212915467523,-8.966941456105205
205070.85632181447,105.07085632181447,-6.4209377831335805
184759.77645185377,84.75977645185378,-6.897977202517056
137625.98409348735,37.62598409348734,-8.41797310607613
183443.2588855798,83.4432588855798,-9.40779165261468
171892.02677056624,71.89202677056623,-8.37173598853224
220631.3588183077,120.63135881830772,-3.188299287199492
160737.78317635646,60.73778317635645,-6.911241721640517
173779.38147725677,73.77938147725678,-14.274872437004776
248666.4839292427,148.6664839292427,-6.163996556961979
188564.8415051844,88.5648415051844,-6.7763939335607555
190109.10443421834,90.10910443421834,-5.861828600001133
207843.47401044593,107.84347401044592,-4.973849176103336
231710.52043133142,131.7105204313314,-1.9179026811528184
171808.1208127653,71.80812081276528,-10.701658994403699
174880.56480015756,74.88056480015757,-7.912948868828506
140109.0497752567,40.109049775256686,-13.340247376740805
163071.3215450989,63.07132154509891,-6.670117736160478
179973.0165696164,79.97301656961639,-6.88554643440569
225405.93852458312,125.4059385245831,-1.1026876524163003
199273.53115292842,99.27353115292843,-8.075637201726718
218299.05761261634,118.29905761261634,-2.4344933467054153
177948.94625379477,77.94894625379476,-7.871823375745592
176503.89988721133,76.50389988721133,-10.157779263773802
223692.76316732503,123.69276316732503,-2.1464240234342964
184529.62761359336,84.52962761359335,-7.298519280537849
136280.13381970773,36.280133819707736,-11.965287653895633
186002.76199434634,86.00276199434633,-11.675412292604218
188197.12909949193,88.19712909949193,-4.224043542679909
210188.86973984243,110.1888697398424,-6.06635900824564
146118.549454438,46.11854945443801,-7.029826608081345
211531.40613731142,111.53140613731142,-1.1537801592451835
149930.00436288782,49.930004362887814,-6.84915298615342
180474.7186808808,80.47471868088078,-5.937142535447724
235927.66935391692,135.9276693539169,-5.820480567968541
200284.90176805816,100.28490176805818,-4.400154392387622
191258.25336778705,91.25825336778706,-7.811251901461139
181613.48340489934,81.61348340489934,-9.390340949863637
171279.5711608192,71.2795711608192,-9.968476029083519
202214.2345726192,102.21423457261918,-4.178399014235092
210401.84945455185,110.40184945455182,-2.0204041052741006
180303.28037366888,80.30328037366887,-9.659957076176354
182075.6809609572,82.07568096095719,-6.924065618037208
201711.02124218672,101.71102124218675,-5.437562850221032
192167.55489393487,92.16755489393486,-4.204674932127205
177442.58044338063,77.44258044338063,-7.19667060442903
173015.56697659317,73.01556697659318,-8.549160159317145
191535.0012342173,91.53500123421732,-2.197930899836246
230916.05769531423,130.91605769531424,-3.1291976615497306
254189.7164472361,154.18971644723612,-3.4672156379258974
189545.3050617518,89.5453050617518,-3.220640850142325
232269.5048798187,132.26950487981873,-2.3338232791488602
182252.8695916216,82.25286959162159,-9.448202284937768
190801.31874018486,90.80131874018487,-3.8047856611365845
178456.19274485472,78.45619274485472,-3.260817325496374
197155.94326660584,97.15594326660583,-4.193848905344095
193211.71195182658,93.21171195182659,-15.32774245460784
131150.33434089666,31.15033434089667,-8.577600444563267
203298.2243301372,103.2982243301372,-4.562103096567664
230386.61385048492,130.3866138504849,-1.9678277251734104
226151.77453494037,126.15177453494036,-1.6189470479345203
157781.64254718123,57.781642547181235,-15.079751347775943
177102.44151449564,77.10244151449564,-6.87928321310433
142942.91035983883,42.942910359838834,-12.679269216631628
140815.2734184536,40.815273418453614,-12.898257081797782
166261.8957055388,66.26189570553879,-6.64205162029533
208256.62348020182,108.25662348020182,-3.9304550260492106
246647.1723433735,146.6471723433735,-6.67735784628864
185829.78665072197,85.82978665072199,-4.028384326400872
152363.57177023828,52.363571770238295,-8.484600007791338
272070.4183498444,172.0704183498444,-3.008879772768379
197245.10500831154,97.24510500831154,-3.5418369444660347
213986.23737915402,113.98623737915403,-4.524460615577518
187762.16961181583,87.76216961181582,-7.314949921774384
196558.79245892924,96.55879245892925,-4.613877086346303
155584.49624229548,55.58449624229549,-8.552071749671317
189740.9917253032,89.7409917253032,-7.981796228316114
152086.02979571646,52.086029795716456,-11.841629964831686
211302.25011268962,111.30225011268963,-11.32759721668291
190487.34276406432,90.48734276406432,-2.403072233601436
199643.06646788944,99.64306646788943,-4.678769157287564
161390.08976014785,61.39008976014786,-10.061963442872683
156583.2874631799,56.58328746317991,-10.871538705624133
158179.36215436406,58.17936215436406,-6.431567468375884
205969.6847697923,105.96968476979231,-7.164744399857913
203878.31137100165,103.87831137100166,-4.921394586978521
149637.28029212257,49.637280292122576,-15.447570563109542
205370.4184306084,105.3704184306084,-15.650627924923047
211970.720350929,111.97072035092903,-2.652095784069921
202616.365923364,102.616365923364,-8.945204028237992
175695.86549520004,75.69586549520004,-3.9904629143461086
175683.84643811308,75.68384643811308,-11.6246028500285
215222.78568424462,115.22278568424463,-5.6275340706447805
184420.0219285356,84.42002192853559,-7.911330430467585
203424.19234513806,103.42419234513804,-2.897622903151259
181438.82880251436,81.43882880251437,-8.008445425861497
155577.44048074246,55.57744048074247,-6.335614587066571
181452.6291709617,81.4526291709617,-5.677024959756309
179974.37268056575,79.97437268056575,-6.755939399094111
200393.6475525353,100.39364755253528,-3.0290365309973444
189408.73149042786,89.40873149042785,-9.130400780558148
162026.58839776972,62.026588397769736,-14.192132103309016
185313.84934268892,85.31384934268891,-8.222570265663215
183381.4349666606,83.38143496666059,-6.858057457288407
200756.92597304762,100.75692597304764,-7.294433813851311
177708.38799406038,77.70838799406039,-5.026495989869597
144900.07007734763,44.90007007734762,-14.84256493157686
184327.30837858003,84.32730837858003,-7.425350894311043
189406.06611305446,89.40606611305446,-5.639595259532994
190283.86723039203,90.28386723039203,-7.022799121533206
241088.25882241974,141.08825882241973,-4.3179576462107665
138726.41196083731,38.726411960837325,-7.528043999906406
190573.84915393172,90.57384915393172,-6.532659178448491
192960.04847114615,92.96004847114614,-8.69160738014586
146731.27491723222,46.73127491723221,-6.9843221810971965
191967.87700865144,91.96787700865143,-3.6768604371754776
220014.5780876162,120.0145780876162,-4.8013047325925235
197099.75563073566,97.09975563073566,-7.414149542355631
194276.10517693305,94.27610517693306,-6.473608686836328
177171.67827914463,77.17167827914464,-5.793374370618889
224983.5318740034,124.98353187400339,-1.5721956437713236
177686.0803701551,77.6860803701551,-7.894848774652365
148622.95117851833,48.622951178518335,-7.934972768795088
197756.56828440828,97.75656828440829,-4.065459253167053
198922.0116954546,98.9220116954546,-1.9336335589846543
174535.3981008126,74.5353981008126,-7.9005802077139045
161867.8293860106,61.867829386010584,-15.860216753697973
221817.1240973074,121.81712409730739,-6.4700689521742945
146156.1526777039,46.15615267770392,-10.439689883672528
189074.07876338705,89.07407876338705,-6.127963348127067
202645.97468548897,102.64597468548895,-6.371444261397048
176293.6281940173,76.2936281940173,-6.077961789156568
237756.35860190997,137.75635860190997,-4.542868026809907
163939.87001267,63.939870012670006,-14.619168485925796
157437.07914033404,57.43707914033405,-14.748391330549742
183437.31173699012,83.43731173699011,-6.60674483509725
176255.2320830702,76.25523208307021,-8.996717116185508
196324.38130538093,96.32438130538092,-8.680555390352911
176317.30965403377,76.31730965403378,-6.403002613364602
180167.02531085844,80.16702531085843,-15.73092201697481
166714.64951777292,66.71464951777293,-5.92567143614388
210313.3368611941,110.31333686119412,-4.226117918244805
196220.1457132419,96.22014571324189,-4.751655837715074
192222.98033818448,92.22298033818448,-4.076852674534108
186915.52185064903,86.91552185064904,-1.9552937413932134
211721.97243399458,111.72197243399458,-3.8535631329057747
186777.9970982945,86.7779970982945,-14.404280269414935
163288.63399938922,63.28863399938922,-8.109242668585264
205019.3283554027,105.01932835540266,-8.974016954560067
202389.48597536574,102.38948597536574,-6.686161377936835
177659.63769651402,77.65963769651403,-7.547610787106314
234564.78318880268,134.5647831888027,-5.59654152658851
151498.009329847,51.49800932984701,-10.027274125905393
225558.64779944057,125.55864779944059,-1.9180962009383395
200627.96066607328,100.62796066607329,-4.06484547210561
134168.68347629186,34.16868347629185,-14.990741914771588
213396.27801692378,113.3962780169238,-7.4020751494626325
188248.06487930694,88.24806487930694,-5.924628785038209
220636.21888431633,120.63621888431632,-4.396618945318945
197469.5047295713,97.46950472957127,-4.229131614354199
183260.49057821988,83.26049057821987,-8.342930644905024
172677.0599375188,72.67705993751878,-8.963258555875456
209550.97210980483,109.55097210980482,-9.528009198355864
186606.2476666132,86.6062476666132,-7.838823250541875
187446.08567087987,87.44608567087985,-8.629824080573787
183902.261557644,83.902261557644,-5.474898114524627
233892.61782562718,133.89261782562718,-5.569663089482398
191155.51599264046,91.15551599264047,-13.670488026286625
225651.22544250754,125.65122544250755,-2.361913388103366
178542.21967718864,78.54221967718864,-8.454542697266206
161921.98726866645,61.92198726866644,-10.826303934452914
176717.95842288953,76.71795842288954,-10.80143404691372
181385.90017823636,81.38590017823637,-5.1724243995653625
181147.34516763026,81.14734516763026,-2.555140098726297
190072.4938837292,90.07249388372922,-2.398218029010961
157846.1690089021,57.846169008902095,-7.023867429360386
184757.2163431437,84.75721634314368,-9.289061085012063
191862.32537873308,91.86232537873306,-8.758097898714148
218707.5722791087,118.7075722791087,-5.201817945909819
167302.1862999832,67.30218629998322,-7.1493813085549665
234127.05761547745,134.12705761547744,-3.6093266098456693
163622.83832714506,63.62283832714506,-18.28072858287399
191356.0606580514,91.35606065805139,-6.085955075418475
202535.82438616385,102.53582438616387,-4.832696806292744
187455.8885536181,87.4558885536181,-9.260726863798856
232221.1922665991,132.2211922665991,-5.760311424140639
163726.2997734995,63.726299773499484,-8.377806391377842
183408.7404112809,83.40874041128087,-6.298634174335994
156616.41100177847,56.616411001778474,-8.099408744345896
203893.39335350815,103.89339335350813,-3.367541360639545
173829.28887789356,73.82928887789355,-5.643746402214892
197270.9456195155,97.2709456195155,-6.495666588674631
194762.52470981795,94.76252470981797,-8.772049097649997
184186.85878767556,84.18685878767556,-10.209459015475748
234798.70372130407,134.7987037213041,-7.517159490432883
187723.74315075873,87.72374315075872,-5.789481218837689
220064.24960548754,120.06424960548752,-6.02824170754115
144441.18167825148,44.44118167825148,-6.731066044744724
184274.5307902748,84.27453079027478,-4.254752282814467
184820.62754063355,84.82062754063355,-9.023090993662622
203046.753549625,103.04675354962498,-6.49313155834467
167251.25439332752,67.25125439332751,-7.945534764257579
212097.03284345614,112.09703284345616,-3.252256754876607
178847.73145189453,78.84773145189455,-9.436474018999785
201287.6880232243,101.28768802322429,-5.68530891015223
167923.39938371495,67.92339938371495,-8.869268880055653
146153.5492782326,46.15354927823259,-8.957725600600382
212034.9354545333,112.03493545453327,-6.552789824178738
164495.74232092753,64.49574232092755,-4.495709501856879
196282.90850335232,96.2829085033523,-8.09708047355129
212945.0544629487,112.94505446294872,-6.430228666923904
155425.1713260247,55.42517132602469,-6.447736327146365
162752.1372597575,62.752137259757504,-8.480724328678868
181062.56850118138,81.06256850118139,-8.390946058176304
204689.83322090108,104.68983322090106,-7.850331581970349
200939.02300989695,100.93902300989694,-7.334912599409289
199814.30264741246,99.81430264741246,-5.448435122752446
213082.10559167044,113.08210559167043,-4.962701792735504
197367.316346156,97.367316346156,-6.022851881634852
167152.7611868868,67.15276118688682,-6.6841443625673405
195433.3873368043,95.43338733680432,-6.591140468111481
191558.33359468926,91.55833359468926,-11.837167439456335
194628.38382320094,94.62838382320093,-8.58272424388594
212978.33735279774,112.97833735279772,-8.764300898633083
225859.16723310918,125.85916723310918,-4.697962144966921
171408.52017971128,71.40852017971129,-5.414271537337342
157957.08614219414,57.95708614219415,-3.0641304439871173
198083.76309649972,98.08376309649974,-6.689997603388971
165209.4571961286,65.20945719612861,-6.367919519316019
166302.22379029624,66.30222379029624,-6.224343455045422
179438.27460389343,79.43827460389343,-2.3877836717917718
183905.7024036002,83.9057024036002,-8.91590789087558
177280.14621517085,77.28014621517086,-4.355778148905721
177683.42721425713,77.68342721425714,-19.241000459966873
155093.90236671892,55.093902366718915,-17.553402110998565
184512.88248514687,84.51288248514686,-6.7810025388087505
191438.45050204656,91.43845050204655,-7.417141238143408
195561.5236953901,95.56152369539008,-5.004337638793919
199506.86665689765,99.50686665689766,-4.047635542380538
147723.53532904253,47.72353532904252,-7.910802121066156
172448.9659716026,72.4489659716026,-6.9365122525677645
